Date,Time,FlowRate,Consumption,Duration,Pressure,Leakage
2025-01-01,00:00,4.25,4.3,0.6,3.48,0
2025-01-01,01:00,1.95,1.9,0.4,3.47,0
2025-01-01,02:00,1.86,1.9,0.3,3.57,0
2025-01-01,03:00,1.93,1.9,0.3,3.48,0
2025-01-01,04:00,2.17,2.2,0.4,3.49,0
2025-01-01,05:00,7.79,9.3,1.2,3.59,0
2025-01-01,06:00,6.52,37.0,5.7,3.34,0
2025-01-01,07:00,7.46,52.6,7.1,3.32,0
2025-01-01,08:00,6.96,39.9,5.7,3.37,0
2025-01-01,09:00,7.13,20.3,2.8,3.46,0
2025-01-01,10:00,7.15,19.1,2.7,3.44,0
2025-01-01,11:00,7.63,18.7,2.5,3.43,0
2025-01-01,12:00,6.84,20.3,3.0,3.42,0
2025-01-01,13:00,5.83,20.1,3.4,3.39,0
2025-01-01,14:00,5.3,13.2,2.5,3.46,0
2025-01-01,15:00,6.82,,1.5,3.56,0
2025-01-01,16:00,5.2,17.3,3.3,3.49,0
2025-01-01,17:00,5.72,23.2,4.1,3.42,0
2025-01-01,18:00,5.18,52.6,10.2,3.33,0
2025-01-01,19:00,6.65,51.7,7.8,3.25,0
2025-01-01,20:00,5.48,38.7,7.1,3.33,0
2025-01-01,21:00,6.83,24.5,3.6,3.45,0
2025-01-01,22:00,7.37,20.5,2.8,3.49,0
2025-01-01,23:00,7.47,7.8,1.0,3.43,0
2025-01-02,00:00,3.69,3.7,0.6,3.46,0
2025-01-02,01:00,2.25,2.2,0.3,3.6,0
2025-01-02,02:00,1.79,1.8,0.3,3.5,0
2025-01-02,03:00,1.73,1.7,0.3,3.58,0
2025-01-02,04:00,3.49,3.5,0.5,3.5,0
2025-01-02,05:00,5.63,13.1,2.3,3.46,0
2025-01-02,06:00,7.94,55.5,7.0,3.26,0
2025-01-02,07:00,5.29,51.9,9.8,3.34,0
2025-01-02,08:00,7.49,36.3,4.8,3.42,0
2025-01-02,09:00,6.78,20.5,3.0,3.37,0
2025-01-02,10:00,5.73,18.2,3.2,3.41,0
2025-01-02,11:00,7.24,20.2,2.8,3.47,0
2025-01-02,12:00,5.25,19.7,3.7,3.41,0
2025-01-02,13:00,7.32,13.6,1.9,3.42,0
2025-01-02,14:00,6.77,10.2,1.5,3.51,0
2025-01-02,15:00,5.33,13.8,2.6,3.5,0
2025-01-02,16:00,5.24,18.7,3.6,3.4,0
2025-01-02,17:00,7.25,31.4,4.3,3.38,0
2025-01-02,18:00,5.88,38.8,6.6,3.28,0
2025-01-02,19:00,7.67,54.9,7.2,3.24,0
2025-01-02,20:00,7.29,41.3,5.7,3.34,0
2025-01-02,21:00,7.09,29.5,4.2,3.38,0
2025-01-02,22:00,5.84,19.2,3.3,3.37,0
2025-01-02,23:00,7.13,8.4,1.2,3.43,0
2025-01-03,00:00,4.62,4.6,0.6,3.43,0
2025-01-03,01:00,2.45,2.5,0.5,3.51,0
2025-01-03,02:00,1.71,1.7,0.3,3.39,0
2025-01-03,03:00,1.83,1.8,0.3,3.44,0
2025-01-03,04:00,2.41,2.4,0.4,3.4,0
2025-01-03,05:00,7.23,11.4,1.6,3.48,0
2025-01-03,06:00,6.42,33.1,5.1,3.28,0
2025-01-03,07:00,6.71,49.8,7.4,3.3,0
2025-01-03,08:00,5.94,38.2,6.4,3.43,0
2025-01-03,09:00,5.42,32.7,6.0,3.45,0
2025-01-03,10:00,5.8,13.6,2.3,3.36,0
2025-01-03,11:00,7.58,19.6,2.6,3.44,0
2025-01-03,12:00,6.81,14.4,2.1,3.39,0
2025-01-03,13:00,6.13,15.1,2.5,3.38,0
2025-01-03,14:00,7.37,12.5,1.7,3.44,0
2025-01-03,15:00,5.19,13.6,2.6,3.51,0
2025-01-03,16:00,5.76,18.7,3.2,3.46,0
2025-01-03,17:00,5.69,33.2,5.8,3.33,0
2025-01-03,18:00,7.96,41.5,5.2,3.37,0
2025-01-03,19:00,7.12,48.0,6.7,3.2,0
2025-01-03,20:00,6.85,48.0,7.0,3.27,0
2025-01-03,21:00,5.01,27.3,5.4,3.35,0
2025-01-03,22:00,5.55,12.5,2.3,3.45,0
2025-01-03,23:00,6.46,6.5,0.9,3.46,0
2025-01-04,00:00,3.88,3.9,0.6,3.48,0
2025-01-04,01:00,3.09,3.1,0.4,3.48,0
2025-01-04,02:00,1.92,1.9,0.3,3.49,0
2025-01-04,03:00,2.14,2.1,0.3,3.52,0
2025-01-04,04:00,3.42,3.4,0.5,3.49,0
2025-01-04,05:00,7.93,14.4,1.8,3.43,0
2025-01-04,06:00,6.38,47.6,7.5,3.33,0
2025-01-04,07:00,6.93,61.4,8.9,3.3,0
2025-01-04,08:00,7.76,51.1,6.6,3.27,0
2025-01-04,09:00,5.75,24.5,4.3,3.4,0
2025-01-04,10:00,7.66,17.4,2.3,3.49,0
2025-01-04,11:00,5.29,17.3,3.3,3.38,0
2025-01-04,12:00,6.95,18.4,2.6,3.52,0
2025-01-04,13:00,7.35,20.6,2.8,3.35,0
2025-01-04,14:00,6.84,12.8,1.9,3.43,0
2025-01-04,15:00,6.49,14.0,2.2,3.4,0
2025-01-04,16:00,6.85,20.6,3.0,3.53,0
2025-01-04,17:00,5.45,35.8,6.6,3.33,0
2025-01-04,18:00,5.65,58.7,10.4,3.24,0
2025-01-04,19:00,5.81,59.6,10.3,3.24,0
2025-01-04,20:00,6.79,42.9,6.3,3.33,0
2025-01-04,21:00,6.33,32.2,5.1,3.35,0
2025-01-04,22:00,5.73,13.3,2.3,3.44,0
2025-01-04,23:00,7.0,7.0,0.9,3.3,0
2025-01-05,00:00,3.59,3.6,0.6,3.49,0
2025-01-05,01:00,2.3,2.3,0.4,3.49,0
2025-01-05,02:00,2.03,2.0,0.3,3.54,0
2025-01-05,03:00,1.56,1.6,0.3,3.56,0
2025-01-05,04:00,3.47,3.5,0.5,3.48,0
2025-01-05,05:00,6.35,18.2,2.9,3.47,0
2025-01-05,06:00,5.05,39.2,7.8,3.29,0
2025-01-05,07:00,7.89,76.0,9.6,3.23,0
2025-01-05,08:00,7.45,38.9,5.2,3.32,0
2025-01-05,09:00,7.17,27.0,3.8,3.33,0
2025-01-05,10:00,7.61,15.5,2.0,3.43,0
2025-01-05,11:00,7.72,17.5,2.3,3.5,0
2025-01-05,12:00,6.01,27.7,4.6,3.4,0
2025-01-05,13:00,6.83,13.3,1.9,3.52,0
2025-01-05,14:00,6.83,15.3,2.2,3.4,0
2025-01-05,15:00,5.8,14.7,2.5,3.49,0
2025-01-05,16:00,5.67,16.7,2.9,3.4,0
2025-01-05,17:00,5.34,24.6,4.6,3.41,0
2025-01-05,18:00,6.98,52.3,7.5,3.3,0
2025-01-05,19:00,7.34,54.9,7.5,3.31,0
2025-01-05,20:00,7.28,49.2,6.7,3.32,0
2025-01-05,21:00,5.95,33.0,5.5,3.33,0
2025-01-05,22:00,5.62,25.9,4.6,3.44,0
2025-01-05,23:00,6.36,9.0,1.4,3.55,0
2025-01-06,00:00,3.33,3.3,0.5,3.46,0
2025-01-06,01:00,2.54,2.5,0.3,3.4,0
2025-01-06,02:00,1.71,1.7,0.2,3.52,0
2025-01-06,03:00,2.14,2.1,0.3,3.47,0
2025-01-06,04:00,3.86,3.9,0.5,3.48,0
2025-01-06,05:00,7.89,13.2,1.7,3.48,0
2025-01-06,06:00,6.4,49.3,7.7,3.28,0
2025-01-06,07:00,5.14,45.1,8.8,3.31,0
2025-01-06,08:00,5.25,36.0,6.9,3.35,0
2025-01-06,09:00,6.17,20.4,3.3,3.49,0
2025-01-06,10:00,5.77,15.1,2.6,3.44,0
2025-01-06,11:00,5.51,12.4,2.3,3.39,0
2025-01-06,12:00,7.86,23.2,3.0,3.35,0
2025-01-06,13:00,5.59,15.7,2.8,3.44,0
2025-01-06,14:00,7.88,9.1,1.2,3.41,0
2025-01-06,15:00,7.28,10.0,1.4,3.38,0
2025-01-06,16:00,6.92,17.4,2.5,3.46,0
2025-01-06,17:00,7.03,33.9,4.8,3.4,0
2025-01-06,18:00,5.99,67.2,11.2,3.21,0
2025-01-06,19:00,6.94,95.4,13.7,3.13,0
2025-01-06,20:00,5.56,44.5,8.0,3.33,0
2025-01-06,21:00,7.81,23.5,3.0,3.44,0
2025-01-06,22:00,5.91,10.7,1.8,3.49,0
2025-01-06,23:00,5.77,8.6,1.5,3.34,0
2025-01-07,00:00,3.48,3.5,0.5,3.47,0
2025-01-07,01:00,2.26,2.3,0.3,3.52,0
2025-01-07,02:00,1.45,1.5,0.2,3.47,0
2025-01-07,03:00,1.59,1.6,0.2,3.5,0
2025-01-07,04:00,4.06,4.1,0.7,3.52,0
2025-01-07,05:00,7.02,12.7,1.8,3.45,0
2025-01-07,06:00,5.81,35.8,6.2,3.43,0
2025-01-07,07:00,5.82,46.7,8.0,3.37,0
2025-01-07,08:00,5.49,29.4,5.4,3.38,0
2025-01-07,09:00,6.0,22.3,3.7,3.4,0
2025-01-07,10:00,5.99,16.2,2.7,3.29,0
2025-01-07,11:00,6.36,23.4,3.7,3.39,0
2025-01-07,12:00,5.57,21.1,3.8,3.35,0
2025-01-07,13:00,5.58,20.0,3.6,3.43,0
2025-01-07,14:00,6.63,11.2,1.7,3.46,0
2025-01-07,15:00,5.39,9.7,1.8,3.5,0
2025-01-07,16:00,7.07,13.6,1.9,3.52,0
2025-01-07,17:00,7.83,24.9,3.2,3.4,0
2025-01-07,18:00,6.28,69.2,11.0,3.34,0
2025-01-07,19:00,7.7,45.4,5.9,3.33,0
2025-01-07,20:00,5.29,48.6,9.2,3.24,0
2025-01-07,21:00,5.13,24.0,4.7,3.38,0
2025-01-07,22:00,7.16,19.8,2.8,3.4,0
2025-01-07,23:00,7.28,8.9,1.2,3.49,0
2025-01-08,00:00,3.99,4.0,0.5,3.44,0
2025-01-08,01:00,2.45,2.4,0.5,3.48,0
2025-01-08,02:00,1.44,1.4,0.2,3.49,0
2025-01-08,03:00,1.8,1.8,0.3,3.47,0
2025-01-08,04:00,3.01,3.0,0.5,3.53,0
2025-01-08,05:00,5.52,9.7,1.8,3.49,0
2025-01-08,06:00,7.99,28.7,3.6,3.44,0
2025-01-08,07:00,5.19,59.7,11.5,3.24,0
2025-01-08,08:00,7.48,56.5,7.6,3.33,0
2025-01-08,09:00,6.92,25.5,3.7,3.33,0
2025-01-08,10:00,7.21,16.1,2.2,3.37,0
2025-01-08,11:00,7.14,17.5,2.4,3.37,0
2025-01-08,12:00,7.58,26.8,3.5,3.39,0
2025-01-08,13:00,5.55,17.2,3.1,3.49,0
2025-01-08,14:00,5.0,11.4,2.3,3.42,0
2025-01-08,15:00,6.8,15.4,2.3,3.41,0
2025-01-08,16:00,6.06,18.0,3.0,3.42,0
2025-01-08,17:00,5.37,39.3,7.3,3.37,0
2025-01-08,18:00,5.56,47.1,8.5,3.29,0
2025-01-08,19:00,6.0,42.0,7.0,3.31,0
2025-01-08,20:00,5.21,31.4,6.0,3.31,0
2025-01-08,21:00,5.17,40.2,7.8,3.31,0
2025-01-08,22:00,7.75,23.3,3.0,3.47,0
2025-01-08,23:00,5.94,8.0,1.3,3.47,0
2025-01-09,00:00,3.83,3.8,0.5,3.45,0
2025-01-09,01:00,3.32,3.3,0.4,3.55,0
2025-01-09,02:00,1.32,1.3,0.2,3.47,0
2025-01-09,03:00,1.38,1.4,0.2,3.57,0
2025-01-09,04:00,3.76,3.8,0.6,3.56,0
2025-01-09,05:00,7.07,11.5,1.6,3.46,0
2025-01-09,06:00,5.29,37.2,7.0,3.28,0
2025-01-09,07:00,5.57,56.0,10.1,3.39,0
2025-01-09,08:00,5.23,44.2,8.5,3.34,0
2025-01-09,09:00,6.81,32.9,4.8,3.35,0
2025-01-09,10:00,7.96,16.8,2.1,3.48,0
2025-01-09,11:00,7.02,18.8,2.7,3.46,0
2025-01-09,12:00,7.13,13.7,1.9,3.51,0
2025-01-09,13:00,7.95,16.4,2.1,3.4,0
2025-01-09,14:00,7.03,10.5,1.5,3.47,0
2025-01-09,15:00,5.12,9.7,1.9,3.4,0
2025-01-09,16:00,7.6,13.9,1.8,3.48,0
2025-01-09,17:00,6.09,27.1,4.4,3.39,0
2025-01-09,18:00,5.01,54.7,10.9,3.3,0
2025-01-09,19:00,6.52,41.3,6.3,3.33,0
2025-01-09,20:00,7.81,41.7,5.3,3.32,0
2025-01-09,21:00,5.77,26.3,4.6,3.35,0
2025-01-09,22:00,6.47,15.5,2.4,3.48,0
2025-01-09,23:00,5.52,10.1,1.8,3.53,0
2025-01-10,00:00,4.62,4.6,0.9,3.45,0
2025-01-10,01:00,3.25,3.3,0.6,3.51,0
2025-01-10,02:00,1.61,1.6,0.2,3.52,0
2025-01-10,03:00,1.44,1.4,0.2,3.49,0
2025-01-10,04:00,3.17,3.2,0.6,3.41,0
2025-01-10,05:00,5.86,13.1,2.2,3.38,0
2025-01-10,06:00,5.59,38.7,6.9,3.31,0
2025-01-10,07:00,5.08,46.8,9.2,3.21,0
2025-01-10,08:00,6.66,42.3,6.3,3.4,0
2025-01-10,09:00,7.1,26.1,3.7,3.41,0
2025-01-10,10:00,6.94,27.5,4.0,3.39,0
2025-01-10,11:00,6.16,24.2,3.9,3.29,0
2025-01-10,12:00,6.67,17.5,2.6,3.34,0
2025-01-10,13:00,5.28,15.7,3.0,3.44,0
2025-01-10,14:00,5.46,9.3,1.7,3.56,0
2025-01-10,15:00,7.8,11.1,1.4,3.42,0
2025-01-10,16:00,7.28,17.7,2.4,3.47,0
2025-01-10,17:00,7.77,37.0,4.8,3.33,0
2025-01-10,18:00,7.75,39.5,5.1,3.34,0
2025-01-10,19:00,6.95,47.4,6.8,3.37,0
2025-01-10,20:00,7.78,27.1,3.5,3.37,0
2025-01-10,21:00,6.25,28.2,4.5,3.35,0
2025-01-10,22:00,5.01,13.5,2.7,3.52,0
2025-01-10,23:00,5.19,7.5,1.4,3.47,0
2025-01-11,00:00,4.01,4.0,0.8,3.54,0
2025-01-11,01:00,2.82,2.8,0.5,3.45,0
2025-01-11,02:00,1.35,1.3,0.2,3.56,0
2025-01-11,03:00,1.43,1.4,0.2,3.51,0
2025-01-11,04:00,5.86,5.9,0.8,3.5,0
2025-01-11,05:00,6.77,11.1,1.6,3.46,0
2025-01-11,06:00,5.44,34.6,6.4,3.34,0
2025-01-11,07:00,7.24,96.8,13.4,3.11,0
2025-01-11,08:00,6.06,85.6,14.1,3.14,0
2025-01-11,09:00,5.04,22.7,4.5,3.46,0
2025-01-11,10:00,5.84,17.8,3.0,3.42,0
2025-01-11,11:00,5.99,20.5,3.4,3.34,0
2025-01-11,12:00,5.82,33.9,5.8,3.28,0
2025-01-11,13:00,7.44,15.7,2.1,3.35,0
2025-01-11,14:00,7.28,13.7,1.9,3.48,0
2025-01-11,15:00,7.09,16.8,2.4,3.38,0
2025-01-11,16:00,5.42,20.9,3.9,3.43,0
2025-01-11,17:00,7.42,31.1,4.2,3.38,0
2025-01-11,18:00,7.03,51.4,7.3,3.29,0
2025-01-11,19:00,5.58,47.4,8.5,3.33,0
2025-01-11,20:00,6.94,45.7,6.6,3.32,0
2025-01-11,21:00,6.45,31.8,4.9,3.24,0
2025-01-11,22:00,6.32,20.1,3.2,3.4,0
2025-01-11,23:00,5.34,8.6,1.6,3.49,0
2025-01-12,00:00,5.28,5.3,0.8,3.56,0
2025-01-12,01:00,3.53,3.5,0.7,3.57,0
2025-01-12,02:00,1.98,2.0,0.4,3.42,0
2025-01-12,03:00,2.06,2.1,0.4,3.47,0
2025-01-12,04:00,3.88,3.9,0.5,3.41,0
2025-01-12,05:00,5.85,14.4,2.5,3.52,0
2025-01-12,06:00,6.07,37.4,6.2,3.4,0
2025-01-12,07:00,5.97,71.7,12.0,3.23,0
2025-01-12,08:00,7.69,47.1,6.1,3.32,0
2025-01-12,09:00,6.69,43.8,6.6,3.39,0
2025-01-12,10:00,7.76,26.3,3.4,3.46,0
2025-01-12,11:00,5.9,20.8,3.5,3.47,0
2025-01-12,12:00,5.34,20.6,3.9,3.44,0
2025-01-12,13:00,6.67,15.4,2.3,3.42,0
2025-01-12,14:00,6.04,18.3,3.0,3.47,0
2025-01-12,15:00,7.41,15.2,2.1,3.48,0
2025-01-12,16:00,7.64,21.2,2.8,3.41,0
2025-01-12,17:00,6.42,23.8,3.7,3.39,0
2025-01-12,18:00,7.91,63.7,8.1,3.3,0
2025-01-12,19:00,6.66,68.5,10.3,3.31,0
2025-01-12,20:00,5.81,38.6,6.6,3.31,0
2025-01-12,21:00,6.47,30.7,4.7,3.36,0
2025-01-12,22:00,5.11,20.3,4.0,3.44,0
2025-01-12,23:00,7.41,9.7,1.3,3.49,0
2025-01-13,00:00,3.95,4.0,0.7,3.46,0
2025-01-13,01:00,2.46,2.5,0.4,3.58,0
2025-01-13,02:00,1.59,1.6,0.2,3.51,0
2025-01-13,03:00,1.73,1.7,0.3,3.52,0
2025-01-13,04:00,4.5,4.5,0.9,3.57,0
2025-01-13,05:00,7.09,7.5,1.1,3.45,0
2025-01-13,06:00,5.22,36.0,6.9,3.35,0
2025-01-13,07:00,6.43,60.8,9.5,3.19,0
2025-01-13,08:00,6.02,44.5,7.4,3.31,0
2025-01-13,09:00,5.68,23.4,4.1,3.33,0
2025-01-13,10:00,5.57,11.8,2.1,3.49,0
2025-01-13,11:00,7.29,17.9,2.5,3.45,0
2025-01-13,12:00,7.85,29.6,3.8,3.37,0
2025-01-13,13:00,5.42,12.3,2.3,3.45,0
2025-01-13,14:00,7.88,15.0,1.9,3.48,0
2025-01-13,15:00,6.78,11.8,1.7,3.4,0
2025-01-13,16:00,6.92,16.6,2.4,3.44,0
2025-01-13,17:00,7.13,23.8,3.3,3.44,0
2025-01-13,18:00,7.11,43.2,6.1,3.24,0
2025-01-13,19:00,7.46,70.8,9.5,3.25,0
2025-01-13,20:00,6.45,47.2,7.3,3.23,0
2025-01-13,21:00,6.6,41.6,6.3,3.33,0
2025-01-13,22:00,5.97,21.3,3.6,3.36,0
2025-01-13,23:00,5.32,9.2,1.7,3.53,0
2025-01-14,00:00,5.95,6.0,0.9,3.42,0
2025-01-14,01:00,2.75,2.8,0.5,3.41,0
2025-01-14,02:00,1.98,2.0,0.3,3.5,0
2025-01-14,03:00,1.58,1.6,0.3,3.47,0
2025-01-14,04:00,3.41,3.4,0.6,3.41,0
2025-01-14,05:00,6.92,11.0,1.6,3.48,0
2025-01-14,06:00,6.89,46.1,6.7,3.22,0
2025-01-14,07:00,6.26,46.5,7.4,3.26,0
2025-01-14,08:00,5.27,49.2,9.3,3.27,0
2025-01-14,09:00,6.3,24.3,3.9,3.44,0
2025-01-14,10:00,6.06,21.3,3.5,3.48,0
2025-01-14,11:00,7.16,19.6,2.7,3.48,0
2025-01-14,12:00,6.74,30.3,4.5,3.37,0
2025-01-14,13:00,6.47,19.5,3.0,3.3,0
2025-01-14,14:00,6.46,9.2,1.4,3.48,0
2025-01-14,15:00,7.9,12.5,1.6,3.52,0
2025-01-14,16:00,7.27,13.3,1.8,3.51,0
2025-01-14,17:00,6.49,26.6,4.1,3.42,0
2025-01-14,18:00,6.44,62.7,9.7,3.19,0
2025-01-14,19:00,5.08,62.2,12.2,3.22,0
2025-01-14,20:00,7.83,36.6,4.7,3.45,0
2025-01-14,21:00,5.96,24.1,4.0,3.33,0
2025-01-14,22:00,5.77,17.0,2.9,3.37,0
2025-01-14,23:00,6.61,6.6,0.8,3.52,0
2025-01-15,00:00,3.68,3.7,0.5,3.46,0
2025-01-15,01:00,2.69,2.7,0.5,3.43,0
2025-01-15,02:00,2.12,2.1,0.4,3.57,0
2025-01-15,03:00,1.9,1.9,0.4,3.52,0
2025-01-15,04:00,2.13,2.1,0.3,3.47,0
2025-01-15,05:00,5.21,13.4,2.6,3.39,0
2025-01-15,06:00,7.8,38.5,4.9,3.45,0
2025-01-15,07:00,7.81,64.1,8.2,3.24,0
2025-01-15,08:00,6.64,58.3,8.8,3.34,0
2025-01-15,09:00,6.85,16.8,2.4,3.48,0
2025-01-15,10:00,5.88,15.0,2.6,3.41,0
2025-01-15,11:00,5.19,19.0,3.7,3.4,0
2025-01-15,12:00,7.21,15.4,2.1,3.51,0
2025-01-15,13:00,5.31,22.7,4.3,3.48,0
2025-01-15,14:00,5.26,13.6,2.6,3.35,0
2025-01-15,15:00,5.93,15.0,2.5,3.47,0
2025-01-15,16:00,5.04,15.1,3.0,3.43,0
2025-01-15,17:00,6.3,34.8,5.5,3.31,0
2025-01-15,18:00,7.12,,8.1,3.28,0
2025-01-15,19:00,7.4,57.5,7.8,3.2,0
2025-01-15,20:00,6.81,-999.0,6.5,3.3,0
2025-01-15,21:00,7.54,31.2,4.1,3.34,0
2025-01-15,22:00,6.22,14.2,2.3,3.42,0
2025-01-15,23:00,7.55,8.2,1.1,3.46,0
2025-01-16,00:00,4.1,4.1,0.6,3.43,0
2025-01-16,01:00,2.74,2.7,0.5,3.57,0
2025-01-16,02:00,2.07,2.1,0.3,3.52,0
2025-01-16,03:00,1.37,1.4,0.2,3.58,0
2025-01-16,04:00,3.3,3.3,0.6,3.48,0
2025-01-16,05:00,0.58,33.5,58.0,3.19,1
2025-01-16,06:00,0.88,49.3,56.2,3.24,1
2025-01-16,07:00,1.2,66.7,55.8,3.05,1
2025-01-16,08:00,1.05,60.5,57.7,3.1,1
2025-01-16,08:00,1.05,60.5,57.7,3.1,1
2025-01-16,09:00,0.8,46.5,58.5,3.2,1
2025-01-16,10:00,0.6,33.4,56.0,3.15,1
2025-01-16,11:00,0.67,38.5,57.2,3.23,1
2025-01-16,12:00,0.73,41.6,57.2,3.21,1
2025-01-16,13:00,0.65,36.5,56.1,3.27,1
2025-01-16,14:00,0.53,30.7,57.8,3.27,1
2025-01-16,15:00,0.66,36.7,55.7,3.27,1
2025-01-16,16:00,0.57,32.7,57.5,3.21,1
2025-01-16,17:00,0.65,36.3,55.6,3.16,1
2025-01-16,18:00,1.4,80.7,57.4,3.13,1
2025-01-16,19:00,1.18,66.7,56.6,3.01,1
2025-01-16,20:00,1.04,59.7,57.3,3.04,1
2025-01-16,21:00,0.96,55.0,57.2,3.16,1
2025-01-16,22:00,0.48,28.8,59.5,3.32,1
2025-01-16,23:00,0.4,23.1,57.4,3.27,1
2025-01-17,00:00,0.33,19.5,59.1,3.32,1
2025-01-17,01:00,0.33,18.6,56.1,3.18,1
2025-01-17,02:00,0.32,18.3,56.8,3.25,1
2025-01-17,03:00,0.33,18.3,55.4,3.18,1
2025-01-17,04:00,0.35,20.0,57.1,3.31,1
2025-01-17,05:00,0.45,26.1,58.3,3.17,1
2025-01-17,06:00,0.68,40.5,59.2,3.12,1
2025-01-17,07:00,1.32,76.5,57.8,3.07,1
2025-01-17,08:00,0.95,55.1,58.2,3.18,1
2025-01-17,09:00,0.79,44.4,55.9,3.16,1
2025-01-17,10:00,6.76,19.5,2.9,3.45,0
2025-01-17,11:00,6.79,17.4,2.6,3.46,0
2025-01-17,12:00,5.94,24.7,4.2,3.39,0
2025-01-17,13:00,5.99,17.8,3.0,3.37,0
2025-01-17,14:00,7.08,14.2,2.0,3.47,0
2025-01-17,15:00,6.94,11.1,1.6,3.49,0
2025-01-17,16:00,5.41,16.4,3.0,3.48,0
2025-01-17,17:00,6.32,30.9,4.9,3.39,0
2025-01-17,18:00,7.68,55.0,7.2,3.22,0
2025-01-17,19:00,5.11,51.0,10.0,3.33,0
2025-01-17,20:00,7.57,47.1,6.2,3.31,0
2025-01-17,21:00,5.49,28.2,5.1,3.36,0
2025-01-17,22:00,6.52,16.6,2.5,3.42,0
2025-01-17,23:00,6.27,10.0,1.6,3.43,0
2025-01-18,00:00,3.28,3.3,0.7,3.53,0
2025-01-18,01:00,2.26,2.3,0.3,3.42,0
2025-01-18,02:00,1.45,1.5,0.2,3.44,0
2025-01-18,03:00,1.23,1.2,0.2,3.48,0
2025-01-18,04:00,3.41,3.4,0.6,3.57,0
2025-01-18,05:00,7.6,17.0,2.2,3.48,0
2025-01-18,06:00,7.77,41.6,5.4,3.25,0
2025-01-18,07:00,6.67,71.2,10.7,3.28,0
2025-01-18,08:00,5.61,60.8,10.8,3.32,0
2025-01-18,09:00,7.06,38.3,5.4,3.29,0
2025-01-18,10:00,6.65,19.3,2.9,3.3,0
2025-01-18,11:00,7.83,25.6,3.3,3.39,0
2025-01-18,12:00,6.32,24.9,3.9,3.46,0
2025-01-18,13:00,5.81,16.6,2.9,3.51,0
2025-01-18,14:00,5.41,13.0,2.4,3.4,0
2025-01-18,15:00,7.1,10.9,1.5,3.54,0
2025-01-18,16:00,7.92,16.4,2.1,3.32,0
2025-01-18,17:00,5.09,31.9,6.3,3.35,0
2025-01-18,18:00,7.22,63.2,8.8,3.23,0
2025-01-18,19:00,7.78,89.8,11.5,3.2,0
2025-01-18,20:00,5.22,37.1,7.1,3.42,0
2025-01-18,21:00,5.33,37.1,7.0,3.4,0
2025-01-18,22:00,7.08,15.9,2.2,3.37,0
2025-01-18,23:00,6.94,10.8,1.6,3.5,0
2025-01-19,00:00,4.77,4.8,0.9,3.51,0
2025-01-19,01:00,2.04,2.0,0.3,3.41,0
2025-01-19,02:00,2.36,2.4,0.4,3.39,0
2025-01-19,03:00,1.74,1.7,0.2,3.54,0
2025-01-19,04:00,3.52,3.5,0.5,3.48,0
2025-01-19,05:00,7.44,11.9,1.6,3.39,0
2025-01-19,06:00,6.55,38.7,5.9,3.33,0
2025-01-19,07:00,5.76,74.7,13.0,3.22,0
2025-01-19,08:00,6.52,47.2,7.2,3.31,0
2025-01-19,09:00,5.3,31.4,5.9,3.3,0
2025-01-19,10:00,6.98,21.1,3.0,3.51,0
2025-01-19,11:00,5.4,25.5,4.7,3.45,0
2025-01-19,12:00,6.53,22.9,3.5,3.39,0
2025-01-19,13:00,5.16,14.6,2.8,3.43,0
2025-01-19,14:00,5.9,18.2,3.1,3.45,0
2025-01-19,15:00,5.7,13.8,2.4,3.39,0
2025-01-19,16:00,6.86,24.5,3.6,3.42,0
2025-01-19,17:00,7.36,37.1,5.0,3.29,0
2025-01-19,18:00,5.17,52.6,10.2,3.29,0
2025-01-19,19:00,7.55,68.4,9.1,3.17,0
2025-01-19,20:00,7.58,72.5,9.6,3.15,0
2025-01-19,21:00,6.03,52.0,8.6,3.37,0
2025-01-19,22:00,6.98,19.9,2.9,3.42,0
2025-01-19,23:00,6.21,10.1,1.6,3.47,0
2025-01-20,00:00,5.29,5.3,1.0,3.38,0
2025-01-20,01:00,2.16,2.2,0.3,3.46,0
2025-01-20,02:00,1.83,1.8,0.3,3.52,0
2025-01-20,03:00,1.7,1.7,0.2,3.5,0
2025-01-20,04:00,3.64,3.6,0.5,3.38,0
2025-01-20,05:00,7.46,10.8,1.5,3.47,0
2025-01-20,06:00,6.69,28.0,4.2,3.41,0
2025-01-20,07:00,6.67,39.5,5.9,3.41,0
2025-01-20,08:00,7.95,34.2,4.3,3.33,0
2025-01-20,09:00,5.74,23.4,4.1,3.29,0
2025-01-20,10:00,5.23,16.1,3.1,3.39,0
2025-01-20,11:00,6.69,25.2,3.8,3.34,0
2025-01-20,12:00,5.99,26.7,4.5,3.43,0
2025-01-20,13:00,5.97,14.1,2.4,3.31,0
2025-01-20,14:00,5.02,13.7,2.7,3.42,0
2025-01-20,15:00,6.79,11.8,1.7,3.52,0
2025-01-20,15:00,6.79,11.8,1.7,3.52,0
2025-01-20,16:00,5.79,16.2,2.8,3.44,0
2025-01-20,17:00,5.56,31.1,5.6,3.42,0
2025-01-20,18:00,5.12,,10.4,3.21,0
2025-01-20,19:00,6.09,51.9,8.5,3.21,0
2025-01-20,20:00,7.64,52.9,6.9,3.36,0
2025-01-20,21:00,6.01,23.8,4.0,3.41,0
2025-01-20,22:00,7.04,17.1,2.4,3.44,0
2025-01-20,23:00,7.27,14.4,2.0,3.39,0
2025-01-21,00:00,4.47,4.5,0.7,3.49,0
2025-01-21,01:00,3.42,3.4,0.5,3.43,0
2025-01-21,02:00,1.74,1.7,0.2,3.55,0
2025-01-21,03:00,1.92,1.9,0.3,3.63,0
2025-01-21,04:00,3.38,3.4,0.7,3.51,0
2025-01-21,05:00,5.11,12.4,2.4,3.42,0
2025-01-21,06:00,7.97,33.0,4.1,3.24,0
2025-01-21,07:00,7.35,65.3,8.9,3.15,0
2025-01-21,08:00,7.81,36.1,4.6,3.43,0
2025-01-21,09:00,7.71,29.3,3.8,3.33,0
2025-01-21,10:00,5.06,21.3,4.2,3.4,0
2025-01-21,11:00,7.38,18.4,2.5,3.46,0
2025-01-21,12:00,6.35,20.2,3.2,3.49,0
2025-01-21,13:00,7.37,18.8,2.5,3.42,0
2025-01-21,14:00,5.02,12.1,2.4,3.43,0
2025-01-21,15:00,5.86,15.5,2.6,3.44,0
2025-01-21,16:00,7.25,11.9,1.6,3.42,0
2025-01-21,17:00,7.38,28.0,3.8,3.36,0
2025-01-21,18:00,6.86,31.6,4.6,3.39,0
2025-01-21,19:00,5.9,41.3,7.0,3.34,0
2025-01-21,20:00,5.93,56.3,9.5,3.38,0
2025-01-21,21:00,7.9,35.9,4.5,3.38,0
2025-01-21,22:00,6.32,14.8,2.3,3.5,0
2025-01-21,23:00,6.34,6.3,1.0,3.42,0
2025-01-22,00:00,2.37,2.4,0.4,3.52,0
2025-01-22,01:00,2.31,2.3,0.4,3.45,0
2025-01-22,02:00,2.78,2.8,0.4,3.51,0
2025-01-22,03:00,1.87,1.9,0.3,3.53,0
2025-01-22,04:00,3.07,3.1,0.4,3.49,0
2025-01-22,05:00,7.73,14.1,1.8,3.56,0
2025-01-22,06:00,7.8,28.2,3.6,3.46,0
2025-01-22,07:00,6.69,56.6,8.5,3.33,0
2025-01-22,08:00,6.33,43.7,6.9,3.36,0
2025-01-22,09:00,7.12,25.3,3.6,3.49,0
2025-01-22,10:00,7.51,20.1,2.7,3.35,0
2025-01-22,11:00,6.69,18.4,2.7,3.5,0
2025-01-22,12:00,7.1,24.5,3.5,3.35,0
2025-01-22,13:00,7.25,15.0,2.1,3.41,0
2025-01-22,14:00,7.03,15.4,2.2,3.47,0
2025-01-22,15:00,7.24,17.8,2.5,3.49,0
2025-01-22,16:00,5.63,14.1,2.5,3.39,0
2025-01-22,17:00,6.5,25.1,3.9,3.37,0
2025-01-22,18:00,6.76,61.7,9.1,3.26,0
2025-01-22,19:00,5.01,53.7,10.7,3.28,0
2025-01-22,20:00,7.57,56.8,7.5,3.32,0
2025-01-22,21:00,6.83,27.5,4.0,3.56,0
2025-01-22,22:00,5.39,23.0,4.3,3.43,0
2025-01-22,23:00,7.45,8.8,1.2,3.43,0
2025-01-23,00:00,4.52,4.5,0.6,3.42,0
2025-01-23,01:00,3.52,3.5,0.5,3.47,0
2025-01-23,02:00,1.6,1.6,0.3,3.45,0
2025-01-23,03:00,1.42,1.4,0.2,3.52,0
2025-01-23,04:00,3.14,3.1,0.5,3.51,0
2025-01-23,05:00,6.71,14.1,2.1,3.42,0
2025-01-23,06:00,5.0,28.3,5.6,3.49,0
2025-01-23,07:00,6.93,68.3,9.8,3.19,0
2025-01-23,08:00,7.15,38.6,5.4,3.34,0
2025-01-23,09:00,6.7,32.4,4.8,3.4,0
2025-01-23,10:00,6.49,10.6,1.6,3.5,0
2025-01-23,11:00,7.43,14.7,2.0,3.51,0
2025-01-23,12:00,7.04,15.3,2.2,3.46,0
2025-01-23,13:00,5.83,14.6,2.5,3.49,0
2025-01-23,14:00,7.88,13.5,1.7,3.41,0
2025-01-23,15:00,7.12,12.4,1.7,3.5,0
2025-01-23,16:00,7.96,16.3,2.1,3.48,0
2025-01-23,17:00,7.91,29.1,3.7,3.46,0
2025-01-23,18:00,7.76,49.2,6.3,3.22,0
2025-01-23,19:00,7.27,45.7,6.3,3.27,0
2025-01-23,20:00,6.83,49.5,7.2,3.34,0
2025-01-23,21:00,5.52,34.3,6.2,3.23,0
2025-01-23,22:00,6.63,18.6,2.8,3.45,0
2025-01-23,23:00,7.3,9.6,1.3,3.51,0
2025-01-24,00:00,4.56,4.6,0.7,3.45,0
2025-01-24,01:00,3.88,3.9,0.5,3.46,0
2025-01-24,02:00,1.69,1.7,0.3,3.44,0
2025-01-24,03:00,1.62,1.6,0.3,3.47,0
2025-01-24,04:00,2.96,3.0,0.5,3.46,0
2025-01-24,05:00,6.3,10.5,1.7,3.42,0
2025-01-24,06:00,5.33,30.2,5.7,3.34,0
2025-01-24,07:00,5.46,50.4,9.2,3.28,0
2025-01-24,08:00,7.51,42.4,5.6,3.32,0
2025-01-24,09:00,6.45,27.6,4.3,3.48,0
2025-01-24,10:00,5.15,17.4,3.4,3.41,0
2025-01-24,11:00,5.05,14.8,2.9,3.46,0
2025-01-24,12:00,6.42,25.8,4.0,3.37,0
2025-01-24,13:00,5.49,20.0,3.6,3.39,0
2025-01-24,14:00,7.12,12.5,1.8,3.36,0
2025-01-24,15:00,7.39,11.3,1.5,3.38,0
2025-01-24,16:00,5.68,19.2,3.4,3.36,0
2025-01-24,17:00,6.78,31.3,4.6,3.38,0
2025-01-24,18:00,5.46,35.4,6.5,3.41,0
2025-01-24,19:00,5.91,55.2,9.3,3.19,0
2025-01-24,20:00,7.67,45.4,5.9,3.29,0
2025-01-24,21:00,6.63,25.2,3.8,3.33,0
2025-01-24,22:00,7.66,17.9,2.3,3.42,0
2025-01-24,23:00,5.68,6.4,1.1,3.53,0
2025-01-25,00:00,5.99,6.5,1.1,3.45,0
2025-01-25,01:00,3.81,3.8,0.6,3.48,0
2025-01-25,02:00,1.88,1.9,0.3,3.57,0
2025-01-25,03:00,2.13,2.1,0.3,3.51,0
2025-01-25,04:00,2.45,2.4,0.5,3.45,0
2025-01-25,05:00,7.56,11.8,1.6,3.46,0
2025-01-25,06:00,7.59,42.0,5.5,3.29,0
2025-01-25,07:00,6.66,55.9,8.4,3.3,0
2025-01-25,08:00,6.03,57.1,9.5,3.3,0
2025-01-25,09:00,6.56,44.3,6.8,3.25,0
2025-01-25,10:00,5.88,15.7,2.7,3.45,0
2025-01-25,11:00,7.4,16.8,2.3,3.43,0
2025-01-25,12:00,6.49,26.0,4.0,3.42,0
2025-01-25,13:00,7.78,27.3,3.5,3.43,0
2025-01-25,14:00,6.87,11.6,1.7,3.48,0
2025-01-25,15:00,6.54,15.6,2.4,3.42,0
2025-01-25,16:00,7.13,28.5,4.0,3.43,0
2025-01-25,17:00,6.51,24.9,3.8,3.36,0
2025-01-25,18:00,7.71,42.2,5.5,3.27,0
2025-01-25,19:00,5.55,59.2,10.7,3.1,0
2025-01-25,20:00,7.92,44.6,5.6,3.32,0
2025-01-25,21:00,7.44,40.8,5.5,3.3,0
2025-01-25,22:00,7.58,20.8,2.7,3.44,0
2025-01-25,23:00,6.45,6.9,1.1,3.37,0
2025-01-26,00:00,5.49,5.5,0.7,3.45,0
2025-01-26,01:00,2.65,2.6,0.4,3.51,0
2025-01-26,02:00,2.56,2.6,0.4,3.44,0
2025-01-26,03:00,1.75,1.7,0.3,3.51,0
2025-01-26,04:00,3.49,3.5,0.6,3.46,0
2025-01-26,05:00,6.34,16.6,2.6,3.43,0
2025-01-26,06:00,5.97,52.0,8.7,3.32,0
2025-01-26,07:00,6.16,75.9,12.3,3.24,0
2025-01-26,08:00,7.46,35.4,4.7,3.36,0
2025-01-26,09:00,5.77,33.1,5.7,3.33,0
2025-01-26,10:00,7.24,16.1,2.2,3.41,0
2025-01-26,11:00,5.22,20.8,4.0,3.45,0
2025-01-26,12:00,7.3,18.6,2.6,3.37,0
2025-01-26,13:00,7.38,21.7,2.9,3.4,0
2025-01-26,14:00,6.21,12.7,2.0,3.43,0
2025-01-26,15:00,7.17,11.5,1.6,3.45,0
2025-01-26,16:00,7.75,22.9,3.0,3.36,0
2025-01-26,17:00,7.4,36.4,4.9,3.26,0
2025-01-26,18:00,6.17,48.2,7.8,3.33,0
2025-01-26,19:00,6.45,86.2,13.4,3.2,0
2025-01-26,20:00,7.34,,6.2,3.23,0
2025-01-26,21:00,5.88,34.9,5.9,3.38,0
2025-01-26,22:00,7.41,20.9,2.8,3.47,0
2025-01-26,23:00,5.98,8.8,1.5,3.49,0
2025-01-27,00:00,4.74,4.7,0.6,3.46,0
2025-01-27,01:00,2.33,2.3,0.4,3.44,0
2025-01-27,02:00,1.59,1.6,0.3,3.5,0
2025-01-27,03:00,2.27,2.3,0.3,3.5,0
2025-01-27,04:00,2.8,2.8,0.4,3.49,0
2025-01-27,05:00,7.65,8.0,1.0,3.46,0
2025-01-27,06:00,7.85,53.6,6.8,3.23,0
2025-01-27,07:00,6.31,100.6,15.9,3.12,0
2025-01-27,08:00,5.86,39.8,6.8,3.36,0
2025-01-27,09:00,5.39,17.6,3.3,3.44,0
2025-01-27,10:00,6.5,16.2,2.5,3.44,0
2025-01-27,11:00,5.66,16.3,2.9,3.52,0
2025-01-27,12:00,7.81,20.8,2.7,3.39,0
2025-01-27,13:00,5.01,13.8,2.8,3.51,0
2025-01-27,14:00,5.43,14.5,2.7,3.41,0
2025-01-27,15:00,5.74,14.4,2.5,3.5,0
2025-01-27,16:00,5.6,12.8,2.3,3.51,0
2025-01-27,17:00,5.68,34.7,6.1,3.35,0
2025-01-27,18:00,6.97,71.6,10.3,3.3,0
2025-01-27,19:00,5.98,58.1,9.7,3.29,0
2025-01-27,20:00,6.85,40.3,5.9,3.29,0
2025-01-27,21:00,7.67,29.4,3.8,3.36,0
2025-01-27,22:00,6.81,19.5,2.9,3.48,0
2025-01-27,23:00,6.11,6.1,0.9,3.52,0
2025-01-28,00:00,4.46,4.5,0.7,3.43,0
2025-01-28,01:00,2.4,2.4,0.4,3.48,0
2025-01-28,02:00,2.5,2.5,0.4,3.5,0
2025-01-28,03:00,1.67,1.7,0.2,3.47,0
2025-01-28,04:00,4.82,4.8,0.7,3.6,0
2025-01-28,05:00,5.83,10.4,1.8,3.47,0
2025-01-28,06:00,6.35,43.7,6.9,3.32,0
2025-01-28,07:00,7.51,64.4,8.6,3.3,0
2025-01-28,08:00,7.01,36.3,5.2,3.34,0
2025-01-28,09:00,6.68,26.8,4.0,3.44,0
2025-01-28,10:00,7.66,22.0,2.9,3.33,0
2025-01-28,11:00,7.02,16.2,2.3,3.41,0
2025-01-28,12:00,6.93,15.4,2.2,3.49,0
2025-01-28,13:00,5.57,17.2,3.1,3.51,0
2025-01-28,14:00,5.32,10.8,2.0,3.42,0
2025-01-28,15:00,7.9,12.1,1.5,3.41,0
2025-01-28,16:00,6.8,17.0,2.5,3.46,0
2025-01-28,17:00,6.25,21.5,3.4,3.38,0
2025-01-28,18:00,6.77,34.4,5.1,3.35,0
2025-01-28,19:00,5.19,61.8,11.9,3.3,0
2025-01-28,20:00,7.47,38.9,5.2,3.32,0
2025-01-28,21:00,5.65,18.1,3.2,3.33,0
2025-01-28,22:00,7.41,20.2,2.7,3.35,0
2025-01-28,23:00,6.6,9.1,1.4,3.46,0
2025-01-29,00:00,3.74,3.7,0.6,3.39,0
2025-01-29,01:00,1.99,2.0,0.4,3.48,0
2025-01-29,02:00,2.04,2.0,0.3,3.42,0
2025-01-29,03:00,1.85,1.9,0.3,3.57,0
2025-01-29,04:00,5.16,5.6,1.1,3.59,0
2025-01-29,05:00,7.27,14.1,1.9,3.39,0
2025-01-29,06:00,6.05,42.0,6.9,3.34,0
2025-01-29,07:00,6.17,58.5,9.5,3.22,0
2025-01-29,08:00,5.74,50.9,8.9,3.28,0
2025-01-29,09:00,7.58,29.4,3.9,3.47,0
2025-01-29,10:00,5.89,22.2,3.8,3.39,0
2025-01-29,11:00,5.63,15.6,2.8,3.42,0
2025-01-29,12:00,5.93,19.8,3.3,3.37,0
2025-01-29,13:00,5.61,15.7,2.8,3.49,0
2025-01-29,14:00,5.95,15.2,2.5,3.28,0
2025-01-29,15:00,5.25,17.5,3.3,3.41,0
2025-01-29,16:00,5.48,15.8,2.9,3.43,0
2025-01-29,17:00,6.25,27.8,4.4,3.36,0
2025-01-29,18:00,7.64,50.6,6.6,3.34,0
2025-01-29,19:00,5.17,53.5,10.3,3.35,0
2025-01-29,20:00,5.64,52.3,9.3,3.22,0
2025-01-29,21:00,7.73,19.3,2.5,3.53,0
2025-01-29,22:00,7.67,14.6,1.9,3.37,0
2025-01-29,23:00,7.04,7.4,1.0,3.53,0
2025-01-30,00:00,2.72,2.7,0.5,3.5,0
2025-01-30,01:00,2.14,2.1,0.3,3.47,0
2025-01-30,02:00,1.44,1.4,0.3,3.47,0
2025-01-30,03:00,1.66,1.7,0.3,3.49,0
2025-01-30,04:00,4.32,4.3,0.7,3.49,0
2025-01-30,05:00,6.73,12.3,1.8,3.4,0
2025-01-30,06:00,6.08,31.6,5.2,3.36,0
2025-01-30,07:00,6.83,59.8,8.8,3.22,0
2025-01-30,08:00,5.89,53.3,9.0,3.23,0
2025-01-30,09:00,6.04,21.3,3.5,3.37,0
2025-01-30,10:00,0.77,42.8,55.8,3.12,1
2025-01-30,11:00,0.84,47.8,56.9,3.14,1
2025-01-30,12:00,0.83,49.1,59.3,3.18,1
2025-01-30,13:00,0.86,48.1,55.7,3.16,1
2025-01-30,14:00,0.7,41.4,59.4,3.28,1
2025-01-30,15:00,0.77,43.4,56.1,3.07,1
2025-01-30,16:00,0.74,42.5,57.3,3.2,1
2025-01-30,17:00,1.03,58.6,56.8,3.12,1
2025-01-30,18:00,1.33,74.0,55.6,3.09,1
2025-01-30,19:00,1.21,72.5,59.7,3.1,1
2025-01-30,20:00,1.05,60.0,57.2,3.1,1
2025-01-30,21:00,1.08,63.1,58.5,3.11,1
2025-01-30,22:00,0.77,44.5,57.9,3.13,1
2025-01-30,23:00,0.62,35.5,57.5,3.24,1
2025-01-31,00:00,0.56,32.7,58.1,3.13,1
2025-01-31,01:00,3.25,3.2,0.5,3.53,0
2025-01-31,02:00,1.1,1.1,0.2,3.49,0
2025-01-31,03:00,1.28,1.3,0.2,3.47,0
2025-01-31,04:00,2.87,2.9,0.5,3.48,0
2025-01-31,05:00,6.63,17.4,2.6,3.42,0
2025-01-31,06:00,7.26,41.1,5.7,3.4,0
2025-01-31,07:00,6.27,70.5,11.2,3.38,0
2025-01-31,08:00,5.9,34.4,5.8,3.42,0
2025-01-31,09:00,5.14,20.7,4.0,3.39,0
2025-01-31,10:00,5.07,18.9,3.7,3.46,0
2025-01-31,11:00,6.29,17.5,2.8,3.46,0
2025-01-31,12:00,7.65,24.1,3.2,3.36,0
2025-01-31,13:00,5.73,16.6,2.9,3.37,0
2025-01-31,14:00,6.72,13.7,2.0,3.44,0
2025-01-31,15:00,7.05,13.4,1.9,3.49,0
2025-01-31,16:00,5.18,20.2,3.9,3.34,0
2025-01-31,17:00,5.46,35.5,6.5,3.32,0
2025-01-31,18:00,5.99,34.4,5.7,3.39,0
2025-01-31,19:00,7.01,35.8,5.1,3.36,0
2025-01-31,20:00,6.32,52.8,8.4,3.36,0
2025-01-31,21:00,7.2,38.3,5.3,3.28,0
2025-01-31,22:00,7.6,14.1,1.9,3.56,0
2025-01-31,23:00,5.96,6.0,0.8,3.4,0
2025-02-01,00:00,5.07,5.1,0.6,3.38,0
2025-02-01,01:00,3.59,3.6,0.5,3.48,0
2025-02-01,02:00,2.85,2.8,0.4,3.43,0
2025-02-01,03:00,2.2,2.2,0.3,3.49,0
2025-02-01,04:00,3.69,3.7,0.5,3.48,0
2025-02-01,05:00,7.41,12.5,1.7,3.44,0
2025-02-01,06:00,7.8,44.8,5.7,3.28,0
2025-02-01,07:00,6.43,65.5,10.2,3.26,0
2025-02-01,08:00,6.91,40.5,5.9,3.32,0
2025-02-01,09:00,6.54,44.9,6.9,3.38,0
2025-02-01,10:00,7.55,28.4,3.8,3.38,0
2025-02-01,11:00,6.29,24.9,4.0,3.35,0
2025-02-01,12:00,7.46,20.7,2.8,3.33,0
2025-02-01,13:00,7.4,23.6,3.2,3.4,0
2025-02-01,14:00,7.89,16.9,2.1,3.37,0
2025-02-01,15:00,5.75,16.3,2.8,3.37,0
2025-02-01,16:00,7.13,25.5,3.6,3.42,0
2025-02-01,17:00,7.27,39.5,5.4,3.25,0
2025-02-01,18:00,7.81,63.3,8.1,3.32,0
2025-02-01,19:00,7.72,73.3,9.5,3.21,0
2025-02-01,20:00,6.72,53.2,7.9,3.29,0
2025-02-01,21:00,6.74,24.3,3.6,3.35,0
2025-02-01,22:00,5.5,20.2,3.7,3.46,0
2025-02-01,23:00,7.92,8.9,1.1,3.46,0
2025-02-02,00:00,3.84,3.8,0.7,3.45,0
2025-02-02,01:00,4.17,4.2,0.6,3.49,0
2025-02-02,02:00,2.81,2.8,0.4,3.4,0
2025-02-02,03:00,2.61,2.6,0.4,3.41,0
2025-02-02,04:00,4.18,4.2,0.7,3.43,0
2025-02-02,05:00,5.57,19.5,3.5,3.44,0
2025-02-02,06:00,7.57,44.8,5.9,3.32,0
2025-02-02,07:00,6.53,72.4,11.1,3.26,0
2025-02-02,08:00,5.27,39.9,7.6,3.29,0
2025-02-02,09:00,7.15,32.3,4.5,3.4,0
2025-02-02,10:00,5.75,20.1,3.5,3.41,0
2025-02-02,11:00,7.63,15.3,2.0,3.39,0
2025-02-02,12:00,5.93,24.6,4.1,3.42,0
2025-02-02,13:00,5.6,19.5,3.5,3.42,0
2025-02-02,14:00,5.25,21.3,4.1,3.38,0
2025-02-02,15:00,6.53,17.8,2.7,3.43,0
2025-02-02,16:00,6.35,19.9,3.1,3.41,0
2025-02-02,17:00,7.25,36.5,5.0,3.35,0
2025-02-02,18:00,6.39,55.1,8.6,3.26,0
2025-02-02,19:00,6.03,62.0,10.3,3.19,0
2025-02-02,20:00,5.78,40.0,6.9,3.34,0
2025-02-02,21:00,5.83,33.7,5.8,3.33,0
2025-02-02,22:00,7.78,17.1,2.2,3.38,0
2025-02-02,23:00,5.5,7.7,1.4,3.46,0
2025-02-03,00:00,4.78,4.8,0.6,3.52,0
2025-02-03,01:00,2.8,2.8,0.5,3.5,0
2025-02-03,02:00,1.21,1.2,0.2,3.47,0
2025-02-03,03:00,1.68,1.7,0.3,3.46,0
2025-02-03,04:00,4.21,4.2,0.8,3.51,0
2025-02-03,05:00,7.37,16.0,2.2,3.32,0
2025-02-03,06:00,6.54,47.7,7.3,3.35,0
2025-02-03,07:00,6.01,60.9,10.1,3.16,0
2025-02-03,08:00,6.99,36.4,5.2,3.28,0
2025-02-03,09:00,6.89,20.8,3.0,3.39,0
2025-02-03,10:00,7.82,18.5,2.4,3.53,0
2025-02-03,11:00,7.88,18.6,2.4,3.51,0
2025-02-03,12:00,7.04,27.9,4.0,3.42,0
2025-02-03,13:00,7.45,21.5,2.9,3.43,0
2025-02-03,14:00,7.38,12.6,1.7,3.36,0
2025-02-03,15:00,6.47,10.1,1.6,3.47,0
2025-02-03,16:00,7.11,16.2,2.3,3.41,0
2025-02-03,17:00,5.23,31.5,6.0,3.33,0
2025-02-03,18:00,7.27,45.6,6.3,3.33,0
2025-02-03,19:00,7.89,50.0,6.3,3.28,0
2025-02-03,20:00,5.25,45.4,8.6,3.36,0
2025-02-03,21:00,7.51,27.3,3.6,3.29,0
2025-02-03,22:00,7.8,15.2,2.0,3.44,0
2025-02-03,23:00,5.68,9.2,1.6,3.42,0
2025-02-04,00:00,3.98,4.0,0.6,3.46,0
2025-02-04,01:00,2.72,2.7,0.3,3.5,0
2025-02-04,01:00,2.72,2.7,0.3,3.5,0
2025-02-04,02:00,1.82,1.8,0.2,3.44,0
2025-02-04,03:00,1.37,1.4,0.3,3.5,0
2025-02-04,04:00,3.13,3.1,0.5,3.48,0
2025-02-04,05:00,7.09,17.2,2.4,3.4,0
2025-02-04,06:00,5.66,30.8,5.4,3.35,0
2025-02-04,07:00,5.97,39.5,6.6,3.33,0
2025-02-04,08:00,5.07,29.7,5.9,3.34,0
2025-02-04,09:00,5.46,26.0,4.8,3.4,0
2025-02-04,10:00,6.69,17.4,2.6,3.42,0
2025-02-04,11:00,6.96,16.8,2.4,3.4,0
2025-02-04,12:00,6.95,27.5,4.0,3.47,0
2025-02-04,13:00,7.34,10.1,1.4,3.48,0
2025-02-04,14:00,6.25,14.0,2.2,3.42,0
2025-02-04,15:00,5.82,17.7,3.0,3.44,0
2025-02-04,16:00,5.05,13.8,2.7,3.39,0
2025-02-04,17:00,5.62,28.0,5.0,3.37,0
2025-02-04,18:00,5.94,40.8,6.9,3.32,0
2025-02-04,19:00,5.53,46.9,8.5,3.25,0
2025-02-04,20:00,5.06,40.4,8.0,3.36,0
2025-02-04,21:00,5.47,40.1,7.3,3.31,0
2025-02-04,22:00,7.0,24.9,3.6,3.38,0
2025-02-04,23:00,6.89,8.1,1.2,3.44,0
2025-02-05,00:00,6.31,6.3,0.8,3.62,0
2025-02-05,01:00,2.6,2.6,0.4,3.46,0
2025-02-05,02:00,2.45,2.4,0.4,3.39,0
2025-02-05,03:00,1.69,1.7,0.3,3.41,0
2025-02-05,04:00,3.54,3.5,0.5,3.52,0
2025-02-05,05:00,5.18,13.9,2.7,3.51,0
2025-02-05,06:00,6.29,73.2,11.6,3.17,0
2025-02-05,07:00,6.17,71.5,11.6,3.28,0
2025-02-05,08:00,6.28,37.4,6.0,3.39,0
2025-02-05,09:00,5.84,31.4,5.4,3.37,0
2025-02-05,10:00,7.06,16.0,2.3,3.42,0
2025-02-05,11:00,7.52,15.6,2.1,3.45,0
2025-02-05,12:00,7.31,25.8,3.5,3.44,0
2025-02-05,13:00,6.88,,2.5,3.45,0
2025-02-05,14:00,6.62,13.7,2.1,3.41,0
2025-02-05,15:00,5.09,13.0,2.5,3.44,0
2025-02-05,16:00,7.17,18.4,2.6,3.53,0
2025-02-05,17:00,6.63,32.8,4.9,3.38,0
2025-02-05,18:00,5.81,32.1,5.5,3.41,0
2025-02-05,19:00,5.98,64.0,10.7,3.27,0
2025-02-05,20:00,7.81,35.4,4.5,3.37,0
2025-02-05,21:00,6.87,22.6,3.3,3.42,0
2025-02-05,22:00,6.43,17.0,2.6,3.48,0
2025-02-05,23:00,6.86,8.8,1.3,3.5,0
2025-02-06,00:00,3.75,3.7,0.6,3.5,0
2025-02-06,01:00,3.05,3.0,0.5,3.45,0
2025-02-06,02:00,1.32,1.3,0.2,3.51,0
2025-02-06,03:00,1.59,1.6,0.3,3.49,0
2025-02-06,04:00,3.06,3.1,0.4,3.47,0
2025-02-06,05:00,5.12,12.8,2.5,3.58,0
2025-02-06,06:00,7.39,40.9,5.5,3.26,0
2025-02-06,07:00,5.85,49.2,8.4,3.35,0
2025-02-06,08:00,7.05,49.7,7.1,3.26,0
2025-02-06,09:00,6.93,26.1,3.8,3.4,0
2025-02-06,10:00,6.96,11.8,1.7,3.58,0
2025-02-06,11:00,6.82,11.6,1.7,3.41,0
2025-02-06,12:00,7.88,21.5,2.7,3.38,0
2025-02-06,13:00,6.53,16.5,2.5,3.43,0
2025-02-06,14:00,7.2,12.6,1.8,3.41,0
2025-02-06,15:00,7.12,12.8,1.8,3.49,0
2025-02-06,16:00,5.71,18.0,3.2,3.4,0
2025-02-06,17:00,5.85,36.4,6.2,3.39,0
2025-02-06,18:00,6.27,37.9,6.0,3.28,0
2025-02-06,19:00,5.83,44.2,7.6,3.23,0
2025-02-06,20:00,6.1,34.6,5.7,3.35,0
2025-02-06,21:00,6.17,31.9,5.2,3.29,0
2025-02-06,22:00,6.81,22.1,3.2,3.49,0
2025-02-06,23:00,5.66,7.9,1.4,3.39,0
2025-02-07,00:00,2.61,2.6,0.4,3.44,0
2025-02-07,01:00,1.83,1.8,0.3,3.51,0
2025-02-07,02:00,1.46,1.5,0.2,3.46,0
2025-02-07,03:00,1.54,1.5,0.3,3.42,0
2025-02-07,04:00,3.17,3.2,0.5,3.59,0
2025-02-07,05:00,5.08,13.0,2.6,3.4,0
2025-02-07,06:00,7.03,36.3,5.2,3.34,0
2025-02-07,07:00,6.03,74.2,12.3,3.19,0
2025-02-07,08:00,7.85,37.5,4.8,3.39,0
2025-02-07,09:00,5.97,21.7,3.6,3.44,0
2025-02-07,10:00,6.69,18.9,2.8,3.38,0
2025-02-07,11:00,5.77,12.6,2.2,3.43,0
2025-02-07,12:00,6.86,23.2,3.4,3.4,0
2025-02-07,13:00,6.4,17.5,2.7,3.47,0
2025-02-07,14:00,6.11,12.5,2.0,3.39,0
2025-02-07,15:00,5.61,17.7,3.2,3.53,0
2025-02-07,16:00,5.33,15.2,2.8,3.4,0
2025-02-07,17:00,5.36,45.4,8.5,3.32,0
2025-02-07,18:00,8.0,45.2,5.6,3.26,0
2025-02-07,19:00,6.24,43.2,6.9,3.26,0
2025-02-07,20:00,5.01,43.5,8.7,3.28,0
2025-02-07,21:00,7.86,24.2,3.1,3.35,0
2025-02-07,22:00,5.06,14.8,2.9,3.42,0
2025-02-07,23:00,6.26,9.3,1.5,3.41,0
2025-02-08,00:00,5.52,5.5,0.8,3.51,0
2025-02-08,01:00,2.61,2.6,0.3,3.45,0
2025-02-08,02:00,2.41,2.4,0.3,3.45,0
2025-02-08,03:00,2.49,2.5,0.4,3.47,0
2025-02-08,04:00,5.26,5.3,0.7,3.53,0
2025-02-08,05:00,5.12,16.5,3.2,3.44,0
2025-02-08,06:00,7.96,58.3,7.3,3.26,0
2025-02-08,07:00,7.55,47.4,6.3,3.24,0
2025-02-08,08:00,7.79,46.3,5.9,3.26,0
2025-02-08,09:00,5.76,24.9,4.3,3.34,0
2025-02-08,10:00,5.43,20.2,3.7,3.48,0
2025-02-08,11:00,6.99,17.6,2.5,3.46,0
2025-02-08,12:00,6.55,23.9,3.6,3.36,0
2025-02-08,13:00,6.57,28.7,4.4,3.36,0
2025-02-08,14:00,7.77,14.3,1.8,3.4,0
2025-02-08,15:00,6.86,16.1,2.3,3.39,0
2025-02-08,16:00,5.93,18.8,3.2,3.45,0
2025-02-08,17:00,6.2,35.0,5.7,3.35,0
2025-02-08,18:00,5.4,54.3,10.1,3.39,0
2025-02-08,19:00,5.58,70.1,12.6,3.28,0
2025-02-08,20:00,5.43,62.2,11.5,3.32,0
2025-02-08,21:00,7.43,48.0,6.5,3.34,0
2025-02-08,22:00,7.11,21.0,2.9,3.39,0
2025-02-08,23:00,6.59,11.1,1.7,3.49,0
2025-02-09,00:00,3.91,3.9,0.6,3.47,0
2025-02-09,01:00,2.9,2.9,0.4,3.57,0
2025-02-09,02:00,2.38,2.4,0.3,3.51,0
2025-02-09,03:00,2.34,2.3,0.3,3.5,0
2025-02-09,04:00,4.11,4.1,0.6,3.49,0
2025-02-09,05:00,7.46,17.6,2.4,3.52,0
2025-02-09,06:00,6.53,48.9,7.5,3.23,0
2025-02-09,07:00,6.42,87.7,13.6,3.24,0
2025-02-09,08:00,7.6,52.2,6.9,3.28,0
2025-02-09,09:00,6.16,27.5,4.5,3.32,0
2025-02-09,09:00,6.16,27.5,4.5,3.32,0
2025-02-09,10:00,6.19,21.1,3.4,3.38,0
2025-02-09,11:00,5.91,11.0,1.9,3.37,0
2025-02-09,12:00,6.56,26.6,4.1,3.43,0
2025-02-09,13:00,6.63,9.5,1.4,3.41,0
2025-02-09,14:00,6.98,10.5,1.5,3.47,0
2025-02-09,15:00,6.29,16.2,2.6,3.49,0
2025-02-09,16:00,5.65,21.7,3.8,3.38,0
2025-02-09,17:00,7.6,27.3,3.6,3.38,0
2025-02-09,18:00,6.04,46.9,7.8,3.25,0
2025-02-09,19:00,7.77,84.1,10.8,3.14,0
2025-02-09,20:00,5.62,44.7,7.9,3.45,0
2025-02-09,21:00,6.68,53.9,8.1,3.32,0
2025-02-09,22:00,6.61,19.7,3.0,3.41,0
2025-02-09,23:00,7.49,10.7,1.4,3.43,0
2025-02-10,00:00,5.42,5.9,1.1,3.47,0
2025-02-10,01:00,2.63,2.6,0.3,3.5,0
2025-02-10,02:00,1.4,1.4,0.2,3.47,0
2025-02-10,03:00,1.67,1.7,0.2,3.52,0
2025-02-10,04:00,3.4,3.4,0.5,3.44,0
2025-02-10,05:00,5.11,9.8,1.9,3.41,0
2025-02-10,06:00,6.49,36.6,5.6,3.37,0
2025-02-10,07:00,5.79,51.6,8.9,3.24,0
2025-02-10,08:00,6.03,51.4,8.5,3.33,0
2025-02-10,09:00,6.95,25.8,3.7,3.4,0
2025-02-10,10:00,6.49,16.2,2.5,3.34,0
2025-02-10,11:00,5.28,16.7,3.2,3.44,0
2025-02-10,12:00,5.22,22.3,4.3,3.33,0
2025-02-10,13:00,5.56,19.3,3.5,3.46,0
2025-02-10,14:00,5.57,10.5,1.9,3.45,0
2025-02-10,15:00,6.82,10.4,1.5,3.55,0
2025-02-10,16:00,5.53,21.3,3.9,3.47,0
2025-02-10,17:00,7.65,27.5,3.6,3.34,0
2025-02-10,18:00,5.63,35.4,6.3,3.26,0
2025-02-10,19:00,5.27,60.7,11.5,3.22,0
2025-02-10,20:00,7.63,46.8,6.1,3.25,0
2025-02-10,21:00,5.89,22.0,3.7,3.5,0
2025-02-10,22:00,6.28,17.9,2.8,3.43,0
2025-02-10,23:00,7.88,-999.0,1.3,3.51,0
2025-02-11,00:00,4.6,4.6,0.6,3.47,0
2025-02-11,01:00,2.91,2.9,0.4,3.48,0
2025-02-11,02:00,1.29,1.3,0.2,3.49,0
2025-02-11,03:00,1.82,1.8,0.3,3.55,0
2025-02-11,04:00,3.21,3.2,0.4,3.5,0
2025-02-11,05:00,7.84,11.6,1.5,3.4,0
2025-02-11,06:00,5.32,45.7,8.6,3.4,0
2025-02-11,07:00,6.19,80.3,13.0,3.16,0
2025-02-11,08:00,5.95,61.1,10.3,3.23,0
2025-02-11,09:00,5.39,33.3,6.2,3.23,0
2025-02-11,10:00,7.08,16.7,2.4,3.46,0
2025-02-11,11:00,5.82,18.3,3.1,3.43,0
2025-02-11,12:00,6.03,24.9,4.1,3.41,0
2025-02-11,13:00,5.27,17.5,3.3,3.41,0
2025-02-11,14:00,6.49,13.1,2.0,3.42,0
2025-02-11,15:00,5.47,15.1,2.8,3.42,0
2025-02-11,16:00,6.3,16.8,2.7,3.46,0
2025-02-11,17:00,5.43,25.8,4.7,3.43,0
2025-02-11,18:00,7.86,43.1,5.5,3.32,0
2025-02-11,19:00,5.43,62.9,11.6,3.3,0
2025-02-11,20:00,6.57,42.6,6.5,3.33,0
2025-02-11,21:00,5.59,31.9,5.7,3.35,0
2025-02-11,22:00,5.23,19.5,3.7,3.43,0
2025-02-11,23:00,5.61,7.9,1.4,3.4,0
2025-02-12,00:00,4.95,5.0,1.0,3.49,0
2025-02-12,01:00,2.76,2.8,0.5,3.41,0
2025-02-12,02:00,1.33,1.3,0.2,3.44,0
2025-02-12,03:00,2.27,2.3,0.3,3.39,0
2025-02-12,04:00,3.08,3.1,0.6,3.48,0
2025-02-12,05:00,6.32,9.2,1.5,3.54,0
2025-02-12,06:00,6.74,31.1,4.6,3.37,0
2025-02-12,07:00,5.7,48.6,8.5,3.34,0
2025-02-12,08:00,6.12,43.0,7.0,3.45,0
2025-02-12,09:00,5.22,24.2,4.6,3.42,0
2025-02-12,10:00,5.66,15.9,2.8,3.4,0
2025-02-12,11:00,6.4,19.3,3.0,3.39,0
2025-02-12,12:00,7.97,22.8,2.9,3.41,0
2025-02-12,13:00,7.99,18.1,2.3,3.4,0
2025-02-12,14:00,7.94,13.8,1.7,3.42,0
2025-02-12,15:00,6.27,14.4,2.3,3.49,0
2025-02-12,16:00,5.24,11.2,2.1,3.51,0
2025-02-12,17:00,5.97,27.7,4.6,3.31,0
2025-02-12,18:00,5.71,30.2,5.3,3.34,0
2025-02-12,19:00,5.04,55.7,11.0,3.25,0
2025-02-12,20:00,5.29,42.5,8.0,3.36,0
2025-02-12,21:00,6.36,36.7,5.8,3.41,0
2025-02-12,22:00,6.02,21.6,3.6,3.55,0
2025-02-12,23:00,5.54,8.8,1.6,3.44,0
2025-02-13,00:00,3.84,3.8,0.5,3.46,0
2025-02-13,01:00,2.81,2.8,0.5,3.52,0
2025-02-13,02:00,1.53,1.5,0.2,3.46,0
2025-02-13,03:00,1.7,1.7,0.3,3.49,0
2025-02-13,04:00,4.14,4.1,0.6,3.46,0
2025-02-13,05:00,5.55,11.4,2.1,3.32,0
2025-02-13,06:00,6.49,44.9,6.9,3.33,0
2025-02-13,07:00,5.46,68.1,12.5,3.22,0
2025-02-13,08:00,5.48,35.1,6.4,3.42,0
2025-02-13,09:00,6.84,30.9,4.5,3.38,0
2025-02-13,10:00,5.79,19.5,3.4,3.36,0
2025-02-13,11:00,5.52,17.3,3.1,3.42,0
2025-02-13,12:00,7.79,18.2,2.3,3.32,0
2025-02-13,13:00,5.13,14.3,2.8,3.38,0
2025-02-13,14:00,6.7,11.4,1.7,3.49,0
2025-02-13,15:00,6.64,14.2,2.1,3.43,0
2025-02-13,16:00,5.75,14.0,2.4,3.49,0
2025-02-13,17:00,6.36,32.4,5.1,3.27,0
2025-02-13,18:00,5.26,36.4,6.9,3.34,0
2025-02-13,19:00,7.16,52.9,7.4,3.26,0
2025-02-13,20:00,5.67,43.3,7.6,3.37,0
2025-02-13,21:00,5.58,48.4,8.7,3.34,0
2025-02-13,22:00,5.94,12.9,2.2,3.48,0
2025-02-13,23:00,7.71,11.4,1.5,3.53,0
2025-02-14,00:00,4.37,4.4,0.6,3.46,0
2025-02-14,01:00,2.76,2.8,0.4,3.56,0
2025-02-14,02:00,1.74,1.7,0.2,3.44,0
2025-02-14,03:00,1.85,1.9,0.3,3.44,0
2025-02-14,04:00,3.29,3.3,0.5,3.52,0
2025-02-14,05:00,7.72,17.0,2.2,3.36,0
2025-02-14,06:00,6.53,34.8,5.3,3.39,0
2025-02-14,07:00,6.07,74.3,12.3,3.21,0
2025-02-14,08:00,6.92,37.2,5.4,3.4,0
2025-02-14,09:00,6.64,25.1,3.8,3.4,0
2025-02-14,10:00,5.37,13.7,2.5,3.45,0
2025-02-14,11:00,6.18,18.5,3.0,3.45,0
2025-02-14,12:00,5.94,28.3,4.8,3.35,0
2025-02-14,13:00,7.54,16.7,2.2,3.4,0
2025-02-14,14:00,6.14,12.2,2.0,3.47,0
2025-02-14,15:00,7.46,10.2,1.4,3.46,0
2025-02-14,16:00,6.33,16.2,2.6,3.41,0
2025-02-14,17:00,7.26,21.5,3.0,3.41,0
2025-02-14,18:00,5.41,38.8,7.2,3.42,0
2025-02-14,19:00,7.77,57.5,7.4,3.25,0
2025-02-14,20:00,6.44,55.0,8.5,3.26,0
2025-02-14,21:00,5.78,51.9,9.0,3.21,0
2025-02-14,22:00,5.72,15.0,2.6,3.44,0
2025-02-14,23:00,5.8,11.3,1.9,3.49,0
2025-02-15,00:00,5.1,5.1,0.8,3.52,0
2025-02-15,01:00,2.83,2.8,0.4,3.49,0
2025-02-15,02:00,2.12,2.1,0.3,3.54,0
2025-02-15,03:00,1.97,2.0,0.3,3.53,0
2025-02-15,04:00,3.97,4.0,0.6,3.54,0
2025-02-15,05:00,6.35,13.4,2.1,3.5,0
2025-02-15,06:00,7.48,33.0,4.4,3.45,0
2025-02-15,07:00,7.55,49.9,6.6,3.29,0
2025-02-15,08:00,5.88,55.3,9.4,3.21,0
2025-02-15,09:00,7.86,27.6,3.5,3.42,0
2025-02-15,10:00,6.19,17.2,2.8,3.47,0
2025-02-15,11:00,7.4,19.4,2.6,3.5,0
2025-02-15,12:00,7.9,28.4,3.6,3.45,0
2025-02-15,13:00,7.11,20.1,2.8,3.52,0
2025-02-15,14:00,5.48,,2.3,3.48,0
2025-02-15,14:00,5.48,,2.3,3.48,0
2025-02-15,15:00,6.76,18.6,2.8,3.44,0
2025-02-15,16:00,5.36,26.6,5.0,3.32,0
2025-02-15,17:00,7.37,37.5,5.1,3.37,0
2025-02-15,18:00,5.84,64.8,11.1,3.21,0
2025-02-15,19:00,7.09,80.8,11.4,3.19,0
2025-02-15,20:00,7.73,60.8,7.9,3.26,0
2025-02-15,21:00,5.54,38.4,6.9,3.37,0
2025-02-15,22:00,6.18,21.9,3.5,3.41,0
2025-02-15,23:00,6.94,10.8,1.5,3.5,0
2025-02-16,00:00,3.89,3.9,0.6,3.35,0
2025-02-16,01:00,3.34,3.3,0.6,3.5,0
2025-02-16,02:00,1.48,1.5,0.3,3.55,0
2025-02-16,03:00,1.65,1.7,0.3,3.59,0
2025-02-16,04:00,5.03,5.0,0.7,3.52,0
2025-02-16,05:00,6.72,17.2,2.6,3.52,0
2025-02-16,06:00,5.47,58.7,10.7,3.27,0
2025-02-16,07:00,6.35,64.2,10.1,3.24,0
2025-02-16,08:00,6.11,38.4,6.3,3.37,0
2025-02-16,09:00,5.82,27.7,4.8,3.39,0
2025-02-16,10:00,7.19,19.8,2.7,3.38,0
2025-02-16,11:00,5.93,19.7,3.3,3.4,0
2025-02-16,12:00,6.62,30.4,4.6,3.32,0
2025-02-16,13:00,7.77,18.0,2.3,3.45,0
2025-02-16,14:00,6.62,15.6,2.4,3.44,0
2025-02-16,15:00,6.85,11.9,1.7,3.43,0
2025-02-16,16:00,5.22,21.2,4.1,3.39,0
2025-02-16,17:00,5.53,33.9,6.1,3.39,0
2025-02-16,18:00,5.3,45.8,8.6,3.36,0
2025-02-16,19:00,7.29,60.0,8.2,3.2,0
2025-02-16,20:00,7.51,46.6,6.2,3.25,0
2025-02-16,21:00,5.56,32.1,5.8,3.42,0
2025-02-16,22:00,5.66,27.5,4.9,3.32,0
2025-02-16,23:00,5.97,9.5,1.6,3.49,0
2025-02-17,00:00,4.0,4.0,0.6,3.56,0
2025-02-17,00:00,4.0,4.0,0.6,3.56,0
2025-02-17,01:00,1.66,1.7,0.2,3.57,0
2025-02-17,02:00,1.4,1.4,0.2,3.53,0
2025-02-17,03:00,1.59,1.6,0.2,3.53,0
2025-02-17,04:00,2.93,2.9,0.5,3.6,0
2025-02-17,05:00,6.98,16.6,2.4,3.32,0
2025-02-17,06:00,6.68,36.6,5.5,3.33,0
2025-02-17,07:00,5.92,76.0,12.8,3.24,0
2025-02-17,08:00,1.05,59.6,56.6,3.09,1
2025-02-17,09:00,0.73,42.5,58.1,3.24,1
2025-02-17,10:00,0.58,33.6,58.0,3.21,1
2025-02-17,11:00,0.61,33.9,55.3,3.22,1
2025-02-17,12:00,0.85,46.7,55.0,3.15,1
2025-02-17,13:00,0.5,27.7,55.3,3.21,1
2025-02-17,14:00,0.46,25.5,55.6,3.22,1
2025-02-17,15:00,0.5,28.4,56.3,3.25,1
2025-02-17,16:00,0.57,33.9,59.5,3.18,1
2025-02-17,17:00,0.88,50.8,57.6,3.19,1
2025-02-17,18:00,1.15,67.8,59.0,3.11,1
2025-02-17,19:00,1.14,67.6,59.2,3.13,1
2025-02-17,20:00,1.17,68.5,58.7,3.02,1
2025-02-17,21:00,0.93,53.1,57.0,3.05,1
2025-02-17,22:00,0.58,34.5,59.3,3.21,1
2025-02-17,23:00,0.46,27.3,58.7,3.39,1
2025-02-18,00:00,0.37,21.5,58.7,3.33,1
2025-02-18,01:00,0.33,19.3,59.5,3.24,1
2025-02-18,02:00,0.33,19.0,58.0,3.3,1
2025-02-18,03:00,0.33,18.8,57.6,3.31,1
2025-02-18,04:00,0.34,20.5,59.5,3.2,1
2025-02-18,05:00,5.46,16.9,3.1,3.5,0
2025-02-18,06:00,6.56,23.1,3.5,3.4,0
2025-02-18,07:00,6.44,44.1,6.9,3.32,0
2025-02-18,08:00,7.4,33.0,4.5,3.37,0
2025-02-18,09:00,7.73,23.3,3.0,3.46,0
2025-02-18,10:00,7.19,15.9,2.2,3.4,0
2025-02-18,11:00,6.88,12.4,1.8,3.37,0
2025-02-18,12:00,6.28,17.2,2.7,3.45,0
2025-02-18,13:00,6.53,14.1,2.2,3.34,0
2025-02-18,14:00,6.53,20.5,3.1,3.4,0
2025-02-18,15:00,5.06,18.0,3.6,3.49,0
2025-02-18,16:00,6.51,15.4,2.4,3.47,0
2025-02-18,17:00,7.57,27.2,3.6,3.44,0
2025-02-18,18:00,7.13,36.5,5.1,3.38,0
2025-02-18,19:00,7.39,37.1,5.0,3.47,0
2025-02-18,20:00,6.17,40.8,6.6,3.31,0
2025-02-18,21:00,6.59,23.9,3.6,3.42,0
2025-02-18,22:00,5.1,16.4,3.2,3.41,0
2025-02-18,23:00,6.06,,1.0,3.52,0
2025-02-19,00:00,3.58,3.6,0.6,3.48,0
2025-02-19,01:00,2.58,2.6,0.4,3.58,0
2025-02-19,02:00,1.8,1.8,0.4,3.47,0
2025-02-19,03:00,1.81,1.8,0.3,3.56,0
2025-02-19,04:00,2.56,2.6,0.4,3.52,0
2025-02-19,05:00,6.25,14.8,2.4,3.44,0
2025-02-19,06:00,5.75,32.0,5.6,3.4,0
2025-02-19,07:00,6.61,66.3,10.0,3.25,0
2025-02-19,08:00,6.31,41.6,6.6,3.35,0
2025-02-19,09:00,6.42,19.0,3.0,3.41,0
2025-02-19,10:00,6.74,15.7,2.3,3.4,0
2025-02-19,11:00,5.02,17.9,3.6,3.41,0
2025-02-19,12:00,7.72,23.6,3.0,3.32,0
2025-02-19,13:00,5.21,16.2,3.1,3.48,0
2025-02-19,14:00,6.35,17.0,2.7,3.37,0
2025-02-19,15:00,5.62,15.3,2.7,3.43,0
2025-02-19,16:00,6.57,15.8,2.4,3.47,0
2025-02-19,17:00,5.84,33.9,5.8,3.41,0
2025-02-19,18:00,7.58,67.4,8.9,3.14,0
2025-02-19,19:00,6.19,80.1,12.9,3.18,0
2025-02-19,20:00,6.92,32.6,4.7,3.39,0
2025-02-19,21:00,5.75,24.2,4.2,3.41,0
2025-02-19,22:00,5.06,22.4,4.4,3.48,0
2025-02-19,23:00,6.21,6.7,1.1,3.43,0
2025-02-20,00:00,3.19,3.2,0.5,3.38,0
2025-02-20,01:00,2.26,2.3,0.4,3.53,0
2025-02-20,02:00,1.81,1.8,0.2,3.47,0
2025-02-20,03:00,1.63,1.6,0.2,3.41,0
2025-02-20,04:00,2.92,2.9,0.4,3.48,0
2025-02-20,05:00,5.89,10.9,1.9,3.52,0
2025-02-20,06:00,7.37,32.4,4.4,3.31,0
2025-02-20,07:00,6.67,48.8,7.3,3.42,0
2025-02-20,08:00,6.84,65.6,9.6,3.2,0
2025-02-20,09:00,7.96,26.5,3.3,3.4,0
2025-02-20,10:00,6.96,19.8,2.8,3.36,0
2025-02-20,11:00,7.7,15.1,2.0,3.44,0
2025-02-20,12:00,7.18,20.0,2.8,3.41,0
2025-02-20,13:00,5.38,14.4,2.7,3.37,0
2025-02-20,14:00,7.1,7.3,1.0,3.61,0
2025-02-20,15:00,6.45,9.5,1.5,3.44,0
2025-02-20,16:00,7.76,11.6,1.5,3.43,0
2025-02-20,17:00,7.42,18.5,2.5,3.47,0
2025-02-20,18:00,5.31,35.9,6.8,3.45,0
2025-02-20,19:00,5.4,70.3,13.0,3.28,0
2025-02-20,20:00,5.21,41.1,7.9,3.28,0
2025-02-20,21:00,6.48,37.6,5.8,3.36,0
2025-02-20,22:00,5.24,18.0,3.4,3.33,0
2025-02-20,23:00,7.17,9.7,1.4,3.51,0
2025-02-21,00:00,3.46,3.5,0.5,3.4,0
2025-02-21,01:00,2.76,2.8,0.4,3.45,0
2025-02-21,02:00,1.92,1.9,0.3,3.49,0
2025-02-21,03:00,1.48,1.5,0.2,3.52,0
2025-02-21,04:00,3.71,3.7,0.7,3.47,0
2025-02-21,05:00,7.65,13.9,1.8,3.52,0
2025-02-21,06:00,5.53,33.4,6.0,3.4,0
2025-02-21,07:00,5.31,46.3,8.7,3.35,0
2025-02-21,08:00,5.62,32.7,5.8,3.31,0
2025-02-21,09:00,7.42,25.3,3.4,3.48,0
2025-02-21,10:00,5.32,17.7,3.3,3.39,0
2025-02-21,11:00,6.84,14.1,2.1,3.53,0
2025-02-21,12:00,7.24,20.8,2.9,3.52,0
2025-02-21,13:00,7.25,18.5,2.6,3.45,0
2025-02-21,14:00,5.57,14.0,2.5,3.5,0
2025-02-21,15:00,5.18,16.9,3.3,3.28,0
2025-02-21,16:00,6.35,21.4,3.4,3.4,0
2025-02-21,17:00,5.61,23.7,4.2,3.46,0
2025-02-21,18:00,7.1,63.7,9.0,3.29,0
2025-02-21,19:00,6.07,48.3,8.0,3.25,0
2025-02-21,20:00,6.35,50.9,8.0,3.28,0
2025-02-21,21:00,5.34,29.3,5.5,3.26,0
2025-02-21,22:00,6.7,15.2,2.3,3.46,0
2025-02-21,23:00,5.56,5.8,1.0,3.38,0
2025-02-22,00:00,4.59,4.6,0.7,3.54,0
2025-02-22,01:00,2.09,2.1,0.4,3.55,0
2025-02-22,02:00,2.3,2.3,0.3,3.47,0
2025-02-22,03:00,2.57,2.6,0.4,3.52,0
2025-02-22,04:00,3.24,3.2,0.6,3.48,0
2025-02-22,05:00,5.04,15.1,3.0,3.45,0
2025-02-22,06:00,6.0,36.9,6.2,3.29,0
2025-02-22,07:00,5.46,58.6,10.7,3.3,0
2025-02-22,07:00,5.46,58.6,10.7,3.3,0
2025-02-22,08:00,5.66,55.4,9.8,3.2,0
2025-02-22,09:00,7.62,28.2,3.7,3.3,0
2025-02-22,10:00,6.81,26.9,3.9,3.39,0
2025-02-22,11:00,5.53,17.2,3.1,3.42,0
2025-02-22,12:00,6.67,28.9,4.3,3.4,0
2025-02-22,13:00,5.77,19.3,3.4,3.39,0
2025-02-22,14:00,7.93,16.7,2.1,3.53,0
2025-02-22,15:00,5.1,13.0,2.5,3.46,0
2025-02-22,16:00,7.2,18.8,2.6,3.44,0
2025-02-22,17:00,7.32,32.4,4.4,3.38,0
2025-02-22,18:00,5.2,,8.5,3.37,0
2025-02-22,19:00,5.52,70.3,12.7,3.25,0
2025-02-22,20:00,6.15,53.9,8.8,3.31,0
2025-02-22,21:00,7.6,37.3,4.9,3.39,0
2025-02-22,22:00,6.61,25.7,3.9,3.31,0
2025-02-22,23:00,6.97,12.6,1.8,3.36,0
2025-02-23,00:00,4.39,4.4,0.6,3.48,0
2025-02-23,01:00,3.06,3.1,0.4,3.48,0
2025-02-23,02:00,1.67,1.7,0.3,3.52,0
2025-02-23,03:00,1.9,1.9,0.3,3.49,0
2025-02-23,04:00,3.36,3.4,0.5,3.52,0
2025-02-23,05:00,5.79,19.6,3.4,3.36,0
2025-02-23,06:00,7.56,45.8,6.0,3.32,0
2025-02-23,07:00,5.06,63.3,12.5,3.18,0
2025-02-23,08:00,5.59,60.0,10.7,3.28,0
2025-02-23,09:00,7.4,18.4,2.5,3.33,0
2025-02-23,10:00,6.02,12.6,2.1,3.47,0
2025-02-23,11:00,5.45,22.2,4.1,3.34,0
2025-02-23,12:00,5.56,23.9,4.3,3.39,0
2025-02-23,13:00,6.59,19.9,3.0,3.47,0
2025-02-23,14:00,7.54,10.9,1.4,3.47,0
2025-02-23,15:00,5.21,14.1,2.7,3.36,0
2025-02-23,16:00,5.09,28.2,5.5,3.35,0
2025-02-23,17:00,6.4,39.0,6.1,3.27,0
2025-02-23,18:00,7.87,53.7,6.8,3.2,0
2025-02-23,19:00,5.84,56.2,9.6,3.28,0
2025-02-23,20:00,7.88,43.6,5.5,3.35,0
2025-02-23,21:00,7.66,21.6,2.8,3.44,0
2025-02-23,22:00,5.85,19.9,3.4,3.45,0
2025-02-23,23:00,7.45,11.2,1.5,3.45,0
2025-02-24,00:00,2.99,3.0,0.4,3.47,0
2025-02-24,01:00,2.15,2.2,0.3,3.44,0
2025-02-24,02:00,1.3,1.3,0.2,3.47,0
2025-02-24,03:00,1.35,1.4,0.2,3.43,0
2025-02-24,04:00,3.31,3.3,0.4,3.44,0
2025-02-24,05:00,7.27,8.1,1.1,3.47,0
2025-02-24,06:00,7.99,41.7,5.2,3.33,0
2025-02-24,07:00,6.44,66.6,10.4,3.39,0
2025-02-24,08:00,7.42,38.9,5.2,3.28,0
2025-02-24,09:00,7.59,15.0,2.0,3.43,0
2025-02-24,10:00,5.63,13.4,2.4,3.38,0
2025-02-24,11:00,5.13,20.9,4.1,3.4,0
2025-02-24,12:00,6.21,11.7,1.9,3.44,0
2025-02-24,13:00,7.57,15.3,2.0,3.48,0
2025-02-24,14:00,5.87,9.7,1.7,3.44,0
2025-02-24,15:00,7.1,14.4,2.0,3.43,0
2025-02-24,16:00,5.02,14.3,2.8,3.42,0
2025-02-24,17:00,6.07,31.0,5.1,3.31,0
2025-02-24,18:00,6.85,50.3,7.4,3.27,0
2025-02-24,19:00,5.39,76.7,14.2,3.17,0
2025-02-24,20:00,7.69,39.2,5.1,3.35,0
2025-02-24,21:00,5.47,30.8,5.6,3.4,0
2025-02-24,22:00,7.73,12.1,1.6,3.44,0
2025-02-24,23:00,5.65,10.4,1.8,3.45,0
2025-02-25,00:00,3.51,3.5,0.4,3.4,0
2025-02-25,01:00,2.19,2.2,0.3,3.52,0
2025-02-25,02:00,1.63,1.6,0.3,3.46,0
2025-02-25,03:00,1.19,1.2,0.2,3.53,0
2025-02-25,04:00,3.42,3.4,0.7,3.55,0
2025-02-25,05:00,6.77,14.8,2.2,3.43,0
2025-02-25,06:00,7.43,38.9,5.2,3.29,0
2025-02-25,07:00,6.21,41.5,6.7,3.33,0
2025-02-25,08:00,6.33,39.8,6.3,3.36,0
2025-02-25,09:00,6.77,28.4,4.2,3.37,0
2025-02-25,10:00,6.6,11.2,1.7,3.43,0
2025-02-25,11:00,7.06,13.1,1.9,3.48,0
2025-02-25,12:00,6.42,24.3,3.8,3.43,0
2025-02-25,13:00,7.14,17.2,2.4,3.41,0
2025-02-25,14:00,7.99,13.3,1.7,3.36,0
2025-02-25,15:00,6.05,17.7,2.9,3.45,0
2025-02-25,16:00,5.04,17.9,3.6,3.39,0
2025-02-25,17:00,5.38,32.5,6.0,3.38,0
2025-02-25,18:00,6.66,77.0,11.6,3.2,0
2025-02-25,19:00,6.03,50.7,8.4,3.2,0
2025-02-25,20:00,7.82,34.7,4.4,3.37,0
2025-02-25,21:00,6.88,31.0,4.5,3.4,0
2025-02-25,22:00,6.56,17.8,2.7,3.46,0
2025-02-25,23:00,7.32,7.3,1.0,3.48,0
2025-02-26,00:00,3.31,3.3,0.6,3.39,0
2025-02-26,01:00,3.87,3.9,0.5,3.55,0
2025-02-26,02:00,1.74,1.7,0.3,3.51,0
2025-02-26,03:00,1.4,1.4,0.2,3.43,0
2025-02-26,04:00,3.9,3.9,0.5,3.44,0
2025-02-26,05:00,7.36,11.9,1.6,3.46,0
2025-02-26,06:00,7.56,34.8,4.6,3.39,0
2025-02-26,07:00,6.19,63.6,10.3,3.22,0
2025-02-26,08:00,7.47,31.4,4.2,3.42,0
2025-02-26,09:00,6.65,26.1,3.9,3.31,0
2025-02-26,10:00,6.86,23.8,3.5,3.35,0
2025-02-26,11:00,5.18,17.8,3.4,3.33,0
2025-02-26,12:00,5.6,18.8,3.4,3.38,0
2025-02-26,13:00,6.65,14.7,2.2,3.52,0
2025-02-26,14:00,5.18,11.2,2.2,3.56,0
2025-02-26,15:00,7.22,11.6,1.6,3.47,0
2025-02-26,16:00,7.52,15.0,2.0,3.41,0
2025-02-26,17:00,7.76,34.1,4.4,3.35,0
2025-02-26,18:00,5.31,31.5,5.9,3.4,0
2025-02-26,19:00,7.82,,8.0,3.17,0
2025-02-26,20:00,5.2,37.6,7.2,3.32,0
2025-02-26,21:00,6.42,30.6,4.8,3.45,0
2025-02-26,22:00,7.52,,1.7,3.4,0
2025-02-26,23:00,5.21,10.6,2.0,3.42,0
2025-02-27,00:00,5.05,5.2,1.0,3.48,0
2025-02-27,01:00,2.94,2.9,0.6,3.5,0
2025-02-27,02:00,1.2,,0.2,3.46,0
2025-02-27,03:00,1.91,1.9,0.3,3.5,0
2025-02-27,04:00,3.51,3.5,0.7,3.52,0
2025-02-27,05:00,5.37,8.8,1.6,3.56,0
2025-02-27,06:00,0.94,54.1,57.6,3.13,1
2025-02-27,07:00,1.41,78.8,55.7,3.03,1
2025-02-27,08:00,1.08,63.0,58.3,3.17,1
2025-02-27,09:00,0.77,43.0,55.5,3.15,1
2025-02-27,10:00,0.63,35.0,55.1,3.14,1
2025-02-27,11:00,0.7,39.5,56.6,3.2,1
2025-02-27,12:00,0.78,43.7,56.0,3.23,1
2025-02-27,13:00,0.45,26.9,59.9,3.26,1
2025-02-27,14:00,0.52,29.2,56.5,3.23,1
2025-02-27,15:00,0.53,29.6,56.1,3.16,1
2025-02-27,16:00,0.52,29.2,56.0,3.23,1
2025-02-27,17:00,0.82,46.6,56.9,3.23,1
2025-02-27,18:00,1.29,74.8,58.0,2.99,1
2025-02-27,19:00,1.02,60.1,58.9,3.1,1
2025-02-27,20:00,1.07,61.0,56.8,3.09,1
2025-02-27,21:00,0.71,41.4,58.1,3.15,1
2025-02-27,22:00,0.56,31.9,57.4,3.23,1
2025-02-27,23:00,0.48,28.7,59.2,3.26,1
2025-02-28,00:00,0.37,21.5,57.8,3.29,1
2025-02-28,01:00,0.36,20.5,56.4,3.22,1
2025-02-28,02:00,0.32,18.9,58.5,3.19,1
2025-02-28,03:00,0.34,20.2,59.1,3.28,1
2025-02-28,04:00,0.37,21.5,57.3,3.24,1
2025-02-28,05:00,0.49,29.5,59.9,3.32,1
2025-02-28,06:00,0.99,58.5,59.4,3.21,1
2025-02-28,07:00,1.08,60.4,56.0,3.21,1
2025-02-28,08:00,1.17,68.9,58.9,3.03,1
2025-02-28,09:00,0.7,40.5,58.0,3.22,1
2025-02-28,10:00,0.58,33.3,57.7,3.26,1
2025-02-28,11:00,0.56,32.4,57.6,3.26,1
2025-02-28,12:00,0.6,35.8,59.3,3.19,1
2025-02-28,13:00,0.63,36.3,58.1,3.27,1
2025-02-28,14:00,0.53,30.5,57.7,3.23,1
2025-02-28,15:00,0.57,31.6,55.2,3.23,1
2025-02-28,16:00,0.59,33.9,57.2,3.14,1
2025-02-28,17:00,0.82,49.0,59.5,3.19,1
2025-02-28,18:00,1.0,58.5,58.6,3.1,1
2025-02-28,19:00,1.8,99.5,55.3,2.98,1
2025-02-28,20:00,6.57,29.4,4.5,3.39,0
2025-02-28,21:00,5.96,36.2,6.1,3.36,0
2025-02-28,22:00,5.68,21.1,3.7,3.41,0
2025-02-28,23:00,6.41,6.8,1.1,3.51,0
2025-03-01,00:00,7.21,7.2,1.0,3.46,0
2025-03-01,01:00,3.38,3.4,0.4,3.41,0
2025-03-01,02:00,2.24,2.2,0.4,3.52,0
2025-03-01,03:00,1.86,1.9,0.3,3.45,0
2025-03-01,04:00,3.54,3.5,0.5,3.42,0
2025-03-01,05:00,6.75,13.3,2.0,3.4,0
2025-03-01,06:00,5.6,44.9,8.0,3.33,0
2025-03-01,07:00,7.28,85.5,11.7,3.15,0
2025-03-01,08:00,6.56,47.8,7.3,3.2,0
2025-03-01,09:00,6.96,23.1,3.3,3.39,0
2025-03-01,10:00,6.08,21.7,3.6,3.47,0
2025-03-01,11:00,6.32,22.2,3.5,3.39,0
2025-03-01,12:00,5.54,26.3,4.7,3.39,0
2025-03-01,13:00,7.27,21.4,2.9,3.47,0
2025-03-01,14:00,5.47,13.1,2.4,3.49,0
2025-03-01,15:00,7.33,11.5,1.6,3.51,0
2025-03-01,16:00,7.39,15.5,2.1,3.3,0
2025-03-01,17:00,7.24,23.2,3.2,3.49,0
2025-03-01,18:00,5.06,53.1,10.5,3.32,0
2025-03-01,19:00,5.82,58.9,10.1,3.39,0
2025-03-01,20:00,6.41,42.2,6.6,3.29,0
2025-03-01,21:00,6.79,17.8,2.6,3.34,0
2025-03-01,22:00,7.76,14.3,1.8,3.44,0
2025-03-01,23:00,6.13,11.5,1.9,3.44,0
2025-03-02,00:00,4.03,4.0,0.5,3.52,0
2025-03-02,01:00,2.97,3.0,0.5,3.54,0
2025-03-02,02:00,1.39,1.4,0.2,3.49,0
2025-03-02,03:00,2.45,2.5,0.5,3.48,0
2025-03-02,04:00,3.57,3.6,0.5,3.51,0
2025-03-02,05:00,5.45,14.6,2.7,3.43,0
2025-03-02,06:00,5.77,65.8,11.4,3.22,0
2025-03-02,07:00,7.33,87.1,11.9,3.2,0
2025-03-02,08:00,6.6,43.2,6.5,3.39,0
2025-03-02,09:00,5.04,24.5,4.9,3.46,0
2025-03-02,10:00,5.01,17.2,3.4,3.42,0
2025-03-02,11:00,6.53,20.3,3.1,3.31,0
2025-03-02,12:00,5.91,22.5,3.8,3.4,0
2025-03-02,13:00,5.54,17.0,3.1,3.39,0
2025-03-02,13:00,5.54,17.0,3.1,3.39,0
2025-03-02,14:00,6.84,18.5,2.7,3.42,0
2025-03-02,15:00,5.69,,2.4,3.41,0
2025-03-02,16:00,6.78,29.1,4.3,3.38,0
2025-03-02,17:00,6.14,32.7,5.3,3.32,0
2025-03-02,18:00,5.56,72.1,13.0,3.15,0
2025-03-02,19:00,5.41,64.0,11.8,3.31,0
2025-03-02,20:00,5.71,55.6,9.7,3.23,0
2025-03-02,21:00,5.09,27.8,5.5,3.39,0
2025-03-02,22:00,5.92,15.5,2.6,3.49,0
2025-03-02,23:00,7.71,10.0,1.3,3.51,0
2025-03-03,00:00,4.85,4.9,0.6,3.52,0
2025-03-03,01:00,2.41,2.4,0.4,3.51,0
2025-03-03,02:00,1.23,1.2,0.2,3.53,0
2025-03-03,03:00,1.21,1.2,0.2,3.56,0
2025-03-03,04:00,2.39,2.4,0.3,3.51,0
2025-03-03,05:00,5.71,8.4,1.5,3.37,0
2025-03-03,06:00,5.89,36.6,6.2,3.33,0
2025-03-03,07:00,5.91,69.7,11.8,3.26,0
2025-03-03,08:00,5.12,39.7,7.7,3.31,0
2025-03-03,09:00,5.94,15.2,2.6,3.52,0
2025-03-03,10:00,7.63,15.3,2.0,3.44,0
2025-03-03,11:00,7.74,15.4,2.0,3.44,0
2025-03-03,12:00,5.33,30.2,5.7,3.44,0
2025-03-03,13:00,6.37,11.9,1.9,3.44,0
2025-03-03,14:00,6.14,11.0,1.8,3.46,0
2025-03-03,15:00,6.47,16.8,2.6,3.48,0
2025-03-03,16:00,6.66,17.4,2.6,3.36,0
2025-03-03,17:00,5.06,31.1,6.1,3.36,0
2025-03-03,18:00,7.53,44.7,5.9,3.36,0
2025-03-03,19:00,7.92,55.1,7.0,3.28,0
2025-03-03,20:00,6.96,46.4,6.7,3.39,0
2025-03-03,21:00,6.98,23.6,3.4,3.33,0
2025-03-03,22:00,6.58,18.9,2.9,3.34,0
2025-03-03,23:00,6.0,6.0,1.0,3.51,0
2025-03-04,00:00,4.24,4.2,0.8,3.53,0
2025-03-04,01:00,2.47,2.5,0.4,3.48,0
2025-03-04,02:00,1.4,1.4,0.3,3.51,0
2025-03-04,03:00,1.58,1.6,0.2,3.53,0
2025-03-04,04:00,2.8,2.8,0.4,3.45,0
2025-03-04,05:00,6.24,9.6,1.5,3.43,0
2025-03-04,06:00,5.98,33.2,5.6,3.38,0
2025-03-04,07:00,7.91,44.5,5.6,3.37,0
2025-03-04,08:00,5.52,42.2,7.6,3.27,0
2025-03-04,09:00,5.45,18.9,3.5,3.41,0
2025-03-04,10:00,5.5,18.3,3.3,3.41,0
2025-03-04,11:00,6.98,12.5,1.8,3.47,0
2025-03-04,12:00,7.98,17.7,2.2,3.43,0
2025-03-04,13:00,5.71,14.0,2.4,3.42,0
2025-03-04,14:00,7.72,15.5,2.0,3.5,0
2025-03-04,15:00,5.84,12.7,2.2,3.42,0
2025-03-04,16:00,6.94,15.2,2.2,3.42,0
2025-03-04,17:00,5.12,30.6,6.0,3.3,0
2025-03-04,18:00,6.49,28.5,4.4,3.35,0
2025-03-04,19:00,6.96,50.9,7.3,3.32,0
2025-03-04,20:00,6.61,58.9,8.9,3.28,0
2025-03-04,21:00,5.71,28.4,5.0,3.42,0
2025-03-04,22:00,7.49,16.0,2.1,3.46,0
2025-03-04,23:00,7.91,8.8,1.1,3.57,0
2025-03-05,00:00,4.72,4.7,0.7,3.44,0
2025-03-05,01:00,1.59,1.6,0.2,3.41,0
2025-03-05,02:00,1.13,1.1,0.2,3.44,0
2025-03-05,03:00,1.65,1.6,0.3,3.46,0
2025-03-05,04:00,2.74,2.7,0.4,3.44,0
2025-03-05,05:00,5.84,15.4,2.6,3.44,0
2025-03-05,06:00,7.33,33.3,4.5,3.43,0
2025-03-05,07:00,5.34,37.5,7.0,3.43,0
2025-03-05,08:00,5.87,30.6,5.2,3.4,0
2025-03-05,09:00,6.6,13.7,2.1,3.55,0
2025-03-05,10:00,6.57,15.0,2.3,3.42,0
2025-03-05,11:00,7.55,15.2,2.0,3.36,0
2025-03-05,12:00,7.99,18.1,2.3,3.48,0
2025-03-05,13:00,5.32,19.6,3.7,3.33,0
2025-03-05,14:00,5.81,15.0,2.6,3.4,0
2025-03-05,15:00,6.07,11.4,1.9,3.48,0
2025-03-05,16:00,6.44,10.3,1.6,3.45,0
2025-03-05,17:00,6.48,31.2,4.8,3.37,0
2025-03-05,18:00,7.57,48.4,6.4,3.25,0
2025-03-05,19:00,7.31,54.4,7.4,3.28,0
2025-03-05,20:00,5.06,47.9,9.5,3.36,0
2025-03-05,21:00,6.37,21.8,3.4,3.41,0
2025-03-05,22:00,6.85,23.5,3.4,3.36,0
2025-03-05,23:00,6.38,6.5,1.0,3.41,0
2025-03-06,00:00,4.57,4.6,0.8,3.44,0
2025-03-06,01:00,1.68,1.7,0.3,3.51,0
2025-03-06,02:00,1.31,1.3,0.2,3.51,0
2025-03-06,03:00,2.13,2.1,0.4,3.45,0
2025-03-06,04:00,2.98,3.0,0.4,3.38,0
2025-03-06,05:00,5.96,13.9,2.3,3.47,0
2025-03-06,06:00,6.77,37.1,5.5,3.31,0
2025-03-06,07:00,6.55,53.9,8.2,3.32,0
2025-03-06,08:00,7.63,51.6,6.8,3.26,0
2025-03-06,09:00,5.37,22.5,4.2,3.36,0
2025-03-06,10:00,5.34,11.0,2.1,3.46,0
2025-03-06,11:00,5.9,13.4,2.3,3.56,0
2025-03-06,12:00,6.29,21.9,3.5,3.45,0
2025-03-06,13:00,5.9,17.0,2.9,3.44,0
2025-03-06,14:00,7.29,8.6,1.2,3.48,0
2025-03-06,15:00,5.74,10.2,1.8,3.37,0
2025-03-06,16:00,5.25,14.0,2.7,3.39,0
2025-03-06,17:00,6.24,25.5,4.1,3.27,0
2025-03-06,18:00,7.32,32.8,4.5,3.46,0
2025-03-06,19:00,7.55,44.9,6.0,3.4,0
2025-03-06,20:00,7.2,33.9,4.7,3.38,0
2025-03-06,21:00,6.67,32.0,4.8,3.38,0
2025-03-06,22:00,7.17,18.4,2.6,3.35,0
2025-03-06,23:00,7.04,7.6,1.1,3.46,0
2025-03-07,00:00,3.62,3.6,0.6,3.58,0
2025-03-07,01:00,2.42,2.4,0.4,3.5,0
2025-03-07,02:00,1.33,1.3,0.2,3.47,0
2025-03-07,03:00,1.24,1.2,0.2,3.41,0
2025-03-07,04:00,2.59,2.6,0.4,3.56,0
2025-03-07,05:00,6.44,10.3,1.6,3.46,0
2025-03-07,06:00,6.51,27.9,4.3,3.3,0
2025-03-07,07:00,5.27,56.6,10.7,3.23,0
2025-03-07,08:00,7.0,45.3,6.5,3.26,0
2025-03-07,09:00,7.6,17.1,2.2,3.43,0
2025-03-07,10:00,5.42,15.7,2.9,3.45,0
2025-03-07,11:00,6.1,15.0,2.5,3.41,0
2025-03-07,12:00,5.15,20.9,4.1,3.46,0
2025-03-07,13:00,5.09,15.6,3.1,3.44,0
2025-03-07,14:00,7.97,8.8,1.1,3.52,0
2025-03-07,15:00,6.48,9.1,1.4,3.45,0
2025-03-07,16:00,6.07,15.7,2.6,3.59,0
2025-03-07,17:00,5.82,33.6,5.8,3.34,0
2025-03-07,18:00,7.94,27.6,3.5,3.34,0
2025-03-07,19:00,5.76,54.4,9.4,3.23,0
2025-03-07,20:00,7.18,49.5,6.9,3.29,0
2025-03-07,21:00,5.85,26.5,4.5,3.31,0
2025-03-07,22:00,5.21,17.4,3.3,3.45,0
2025-03-07,23:00,6.78,6.8,1.0,3.38,0
2025-03-08,00:00,4.38,4.4,0.9,3.49,0
2025-03-08,01:00,1.95,1.9,0.3,3.42,0
2025-03-08,02:00,1.12,1.1,0.2,3.48,0
2025-03-08,03:00,2.17,2.2,0.3,3.52,0
2025-03-08,04:00,2.94,2.9,0.4,3.6,0
2025-03-08,05:00,7.17,12.3,1.7,3.4,0
2025-03-08,06:00,5.07,30.6,6.0,3.37,0
2025-03-08,07:00,7.11,47.3,6.7,3.27,0
2025-03-08,08:00,7.97,43.3,5.4,3.28,0
2025-03-08,09:00,5.73,23.2,4.1,3.37,0
2025-03-08,10:00,5.82,19.3,3.3,3.46,0
2025-03-08,11:00,7.44,19.6,2.6,3.4,0
2025-03-08,12:00,5.48,23.9,4.4,3.52,0
2025-03-08,13:00,6.98,18.8,2.7,3.45,0
2025-03-08,14:00,7.27,18.4,2.5,3.38,0
2025-03-08,15:00,5.11,10.8,2.1,3.44,0
2025-03-08,16:00,6.66,17.7,2.7,3.39,0
2025-03-08,17:00,6.73,39.3,5.8,3.38,0
2025-03-08,17:00,6.73,39.3,5.8,3.38,0
2025-03-08,18:00,5.91,63.4,10.7,3.16,0
2025-03-08,19:00,7.63,43.7,5.7,3.26,0
2025-03-08,20:00,5.49,42.0,7.7,3.3,0
2025-03-08,21:00,6.09,41.1,6.7,3.37,0
2025-03-08,22:00,7.55,19.8,2.6,3.48,0
2025-03-08,23:00,5.57,9.3,1.7,3.53,0
2025-03-09,00:00,4.28,4.3,0.6,3.51,0
2025-03-09,01:00,2.48,2.5,0.5,3.49,0
2025-03-09,02:00,1.89,1.9,0.3,3.53,0
2025-03-09,03:00,1.7,1.7,0.3,3.44,0
2025-03-09,04:00,3.54,3.5,0.5,3.39,0
2025-03-09,05:00,7.37,13.6,1.8,3.47,0
2025-03-09,06:00,7.55,35.1,4.6,3.31,0
2025-03-09,07:00,7.94,69.5,8.7,3.22,0
2025-03-09,08:00,7.02,79.9,11.4,3.19,0
2025-03-09,09:00,7.31,18.8,2.6,3.44,0
2025-03-09,10:00,6.52,19.0,2.9,3.47,0
2025-03-09,11:00,7.74,15.3,2.0,3.48,0
2025-03-09,12:00,0.73,43.1,58.9,3.19,1
2025-03-09,13:00,0.62,36.1,58.0,3.18,1
2025-03-09,14:00,0.6,33.6,55.9,3.22,1
2025-03-09,15:00,0.59,35.0,59.1,3.18,1
2025-03-09,16:00,0.64,36.6,56.8,3.19,1
2025-03-09,17:00,1.0,57.2,57.3,3.25,1
2025-03-09,18:00,0.86,48.7,56.9,3.16,1
2025-03-09,19:00,1.69,97.6,57.6,2.98,1
2025-03-09,20:00,1.15,66.1,57.4,3.05,1
2025-03-09,21:00,1.01,56.7,56.4,3.17,1
2025-03-09,22:00,0.56,32.0,57.1,3.26,1
2025-03-09,23:00,0.43,25.6,59.5,3.29,1
2025-03-10,00:00,0.38,22.0,57.5,3.27,1
2025-03-10,01:00,0.34,20.4,59.6,3.32,1
2025-03-10,02:00,0.34,19.7,57.8,3.33,1
2025-03-10,03:00,0.34,20.0,58.8,3.28,1
2025-03-10,04:00,0.36,20.2,56.5,3.26,1
2025-03-10,05:00,0.55,32.1,59.0,3.27,1
2025-03-10,06:00,0.94,52.9,56.3,3.09,1
2025-03-10,07:00,1.27,70.0,55.1,3.03,1
2025-03-10,08:00,0.84,46.8,55.8,3.16,1
2025-03-10,09:00,0.79,43.7,55.1,3.09,1
2025-03-10,10:00,0.46,27.6,59.7,3.28,1
2025-03-10,11:00,0.59,35.6,60.0,3.16,1
2025-03-10,12:00,0.55,32.4,58.8,3.2,1
2025-03-10,13:00,0.61,33.7,55.5,3.2,1
2025-03-10,14:00,0.49,29.4,59.5,3.23,1
2025-03-10,15:00,0.56,32.7,58.7,3.2,1
2025-03-10,16:00,0.58,33.0,56.7,3.21,1
2025-03-10,17:00,0.72,41.6,57.5,3.18,1
2025-03-10,18:00,0.97,56.4,58.3,3.1,1
2025-03-10,19:00,1.5,82.7,55.1,2.98,1
2025-03-10,20:00,1.06,61.0,57.5,3.16,1
2025-03-10,21:00,0.73,43.0,58.7,3.07,1
2025-03-10,22:00,0.59,32.8,55.9,3.21,1
2025-03-10,23:00,0.41,23.7,57.2,3.23,1
2025-03-11,00:00,0.39,22.2,57.7,3.28,1
2025-03-11,01:00,0.34,19.7,58.7,3.2,1
2025-03-11,02:00,0.33,19.8,59.8,3.25,1
2025-03-11,03:00,0.33,19.6,59.2,3.27,1
2025-03-11,04:00,4.97,5.0,0.9,3.53,0
2025-03-11,05:00,5.8,9.3,1.6,3.48,0
2025-03-11,06:00,5.82,34.0,5.8,3.31,0
2025-03-11,07:00,6.34,77.2,12.2,3.17,0
2025-03-11,08:00,5.98,48.9,8.2,3.35,0
2025-03-11,09:00,5.81,20.1,3.5,3.36,0
2025-03-11,10:00,6.95,16.1,2.3,3.43,0
2025-03-11,11:00,5.16,15.4,3.0,3.44,0
2025-03-11,12:00,6.02,20.4,3.4,3.4,0
2025-03-11,13:00,7.07,13.4,1.9,3.58,0
2025-03-11,14:00,5.53,11.3,2.1,3.43,0
2025-03-11,15:00,5.66,8.4,1.5,3.49,0
2025-03-11,16:00,5.6,15.8,2.8,3.4,0
2025-03-11,17:00,5.0,29.4,5.9,3.41,0
2025-03-11,18:00,6.42,40.4,6.3,3.38,0
2025-03-11,19:00,5.12,36.2,7.1,3.33,0
2025-03-11,20:00,5.82,46.8,8.0,3.31,0
2025-03-11,21:00,7.98,28.9,3.6,3.34,0
2025-03-11,22:00,7.76,13.3,1.7,3.39,0
2025-03-11,23:00,5.65,7.3,1.3,3.52,0
2025-03-12,00:00,2.84,2.8,0.5,3.46,0
2025-03-12,01:00,1.88,1.9,0.3,3.37,0
2025-03-12,02:00,1.38,1.4,0.2,3.58,0
2025-03-12,03:00,1.96,2.0,0.3,3.45,0
2025-03-12,04:00,2.7,2.7,0.5,3.48,0
2025-03-12,05:00,5.37,13.1,2.4,3.53,0
2025-03-12,06:00,6.25,31.0,5.0,3.37,0
2025-03-12,07:00,7.61,56.4,7.4,3.27,0
2025-03-12,08:00,7.65,37.3,4.9,3.29,0
2025-03-12,09:00,5.32,27.4,5.1,3.31,0
2025-03-12,10:00,6.72,13.8,2.0,3.44,0
2025-03-12,11:00,5.47,11.2,2.0,3.47,0
2025-03-12,12:00,7.06,14.5,2.1,3.46,0
2025-03-12,13:00,7.75,13.8,1.8,3.42,0
2025-03-12,14:00,6.36,9.0,1.4,3.47,0
2025-03-12,15:00,5.25,12.5,2.4,3.36,0
2025-03-12,16:00,6.74,14.0,2.1,3.47,0
2025-03-12,17:00,6.23,43.1,6.9,3.34,0
2025-03-12,18:00,7.43,29.8,4.0,3.48,0
2025-03-12,19:00,6.02,51.8,8.6,3.29,0
2025-03-12,20:00,7.62,30.5,4.0,3.33,0
2025-03-12,21:00,5.82,24.3,4.2,3.4,0
2025-03-12,22:00,5.47,15.7,2.9,3.42,0
2025-03-12,23:00,4.81,4.8,0.8,3.5,0
2025-03-13,00:00,4.01,4.0,0.8,3.49,0
2025-03-13,01:00,3.36,3.4,0.6,3.42,0
2025-03-13,02:00,1.4,1.4,0.2,3.41,0
2025-03-13,03:00,1.61,1.6,0.3,3.51,0
2025-03-13,04:00,3.75,3.8,0.7,3.55,0
2025-03-13,05:00,5.4,11.1,2.1,3.46,0
2025-03-13,06:00,5.23,30.6,5.9,3.42,0
2025-03-13,07:00,7.62,33.9,4.5,3.41,0
2025-03-13,08:00,7.83,43.4,5.5,3.34,0
2025-03-13,09:00,5.14,22.4,4.4,3.37,0
2025-03-13,10:00,7.28,12.5,1.7,3.46,0
2025-03-13,11:00,7.21,15.7,2.2,3.5,0
2025-03-13,12:00,7.99,17.0,2.1,3.46,0
2025-03-13,13:00,6.04,13.7,2.3,3.48,0
2025-03-13,14:00,5.86,12.9,2.2,3.43,0
2025-03-13,15:00,6.36,8.8,1.4,3.45,0
2025-03-13,16:00,7.57,18.8,2.5,3.42,0
2025-03-13,17:00,7.19,20.2,2.8,3.42,0
2025-03-13,18:00,6.41,36.8,5.7,3.41,0
2025-03-13,19:00,5.73,72.8,12.7,3.09,0
2025-03-13,20:00,7.18,47.8,6.7,3.31,0
2025-03-13,21:00,7.56,27.2,3.6,3.39,0
2025-03-13,22:00,6.2,12.6,2.0,3.38,0
2025-03-13,23:00,6.86,6.9,1.0,3.51,0
2025-03-14,00:00,3.87,3.9,0.6,3.45,0
2025-03-14,01:00,2.3,2.3,0.4,3.47,0
2025-03-14,02:00,1.5,1.5,0.2,3.59,0
2025-03-14,03:00,1.51,1.5,0.2,3.54,0
2025-03-14,04:00,2.92,2.9,0.4,3.52,0
2025-03-14,05:00,6.33,8.6,1.4,3.48,0
2025-03-14,06:00,6.03,30.9,5.1,3.37,0
2025-03-14,07:00,6.12,64.0,10.5,3.34,0
2025-03-14,08:00,5.4,29.0,5.4,3.42,0
2025-03-14,09:00,5.89,22.0,3.7,3.37,0
2025-03-14,10:00,5.26,12.9,2.5,3.38,0
2025-03-14,11:00,6.28,15.6,2.5,3.47,0
2025-03-14,12:00,5.5,17.6,3.2,3.43,0
2025-03-14,13:00,6.04,20.4,3.4,3.35,0
2025-03-14,14:00,7.38,12.6,1.7,3.47,0
2025-03-14,15:00,5.74,8.8,1.5,3.45,0
2025-03-14,16:00,6.84,17.4,2.5,3.46,0
2025-03-14,17:00,7.7,22.8,3.0,3.43,0
2025-03-14,18:00,6.7,37.3,5.6,3.32,0
2025-03-14,19:00,5.58,52.6,9.4,3.32,0
2025-03-14,20:00,6.03,34.4,5.7,3.34,0
2025-03-14,21:00,6.77,31.8,4.7,3.35,0
2025-03-14,22:00,6.52,13.0,2.0,3.42,0
2025-03-14,23:00,5.45,6.7,1.2,3.53,0
2025-03-15,00:00,3.83,3.8,0.6,3.47,0
2025-03-15,01:00,2.34,2.3,0.4,3.56,0
2025-03-15,02:00,2.18,2.2,0.4,3.58,0
2025-03-15,03:00,1.98,2.0,0.3,3.46,0
2025-03-15,04:00,4.92,4.9,0.9,3.33,0
2025-03-15,05:00,6.01,20.6,3.4,3.47,0
2025-03-15,06:00,7.41,32.0,4.3,3.36,0
2025-03-15,07:00,5.78,62.0,10.7,3.21,0
2025-03-15,08:00,6.82,34.5,5.1,3.33,0
2025-03-15,08:00,6.82,34.5,5.1,3.33,0
2025-03-15,09:00,6.23,22.4,3.6,3.39,0
2025-03-15,10:00,5.95,15.4,2.6,3.5,0
2025-03-15,11:00,7.75,14.1,1.8,3.45,0
2025-03-15,12:00,6.03,17.7,2.9,3.49,0
2025-03-15,13:00,5.71,16.9,3.0,3.46,0
2025-03-15,14:00,7.73,10.3,1.3,3.44,0
2025-03-15,15:00,7.24,15.5,2.1,3.42,0
2025-03-15,16:00,7.05,14.5,2.1,3.47,0
2025-03-15,17:00,5.15,53.5,10.4,3.33,0
2025-03-15,18:00,5.39,43.8,8.1,3.37,0
2025-03-15,19:00,6.92,57.5,8.3,3.26,0
2025-03-15,20:00,5.63,33.6,6.0,3.37,0
2025-03-15,21:00,5.68,42.9,7.6,3.36,0
2025-03-15,22:00,7.34,21.8,3.0,3.39,0
2025-03-15,23:00,5.86,9.2,1.6,3.41,0
2025-03-16,00:00,3.33,3.3,0.6,3.45,0
2025-03-16,01:00,2.72,2.7,0.5,3.48,0
2025-03-16,02:00,1.39,1.4,0.2,3.53,0
2025-03-16,03:00,2.33,2.3,0.3,3.55,0
2025-03-16,04:00,4.09,4.1,0.5,3.42,0
2025-03-16,05:00,5.33,13.3,2.5,3.42,0
2025-03-16,06:00,5.59,24.0,4.3,3.39,0
2025-03-16,07:00,6.59,50.0,7.6,3.34,0
2025-03-16,08:00,6.09,49.9,8.2,3.27,0
2025-03-16,09:00,6.45,33.3,5.2,3.35,0
2025-03-16,10:00,7.77,21.7,2.8,3.34,0
2025-03-16,11:00,6.63,12.6,1.9,3.47,0
2025-03-16,12:00,6.25,23.1,3.7,3.4,0
2025-03-16,13:00,7.97,21.3,2.7,3.38,0
2025-03-16,14:00,5.2,9.4,1.8,3.45,0
2025-03-16,15:00,7.8,13.0,1.7,3.5,0
2025-03-16,16:00,6.5,18.4,2.8,3.38,0
2025-03-16,17:00,6.51,28.6,4.4,3.34,0
2025-03-16,18:00,7.77,33.0,4.2,3.43,0
2025-03-16,19:00,6.52,52.9,8.1,3.29,0
2025-03-16,20:00,6.32,40.7,6.4,3.37,0
2025-03-16,21:00,5.82,29.5,5.1,3.4,0
2025-03-16,22:00,6.98,15.5,2.2,3.44,0
2025-03-16,23:00,6.71,7.9,1.2,3.45,0
2025-03-17,00:00,3.74,3.7,0.7,3.53,0
2025-03-17,00:00,3.74,3.7,0.7,3.53,0
2025-03-17,01:00,2.47,2.5,0.3,3.55,0
2025-03-17,02:00,1.42,1.4,0.2,3.55,0
2025-03-17,03:00,1.39,1.4,0.2,3.44,0
2025-03-17,04:00,3.07,3.1,0.6,3.55,0
2025-03-17,05:00,0.44,24.3,55.2,3.23,1
2025-03-17,06:00,0.96,54.0,56.1,3.1,1
2025-03-17,07:00,1.18,69.4,58.8,3.06,1
2025-03-17,08:00,0.93,54.6,59.0,3.17,1
2025-03-17,09:00,0.75,44.0,58.9,3.2,1
2025-03-17,10:00,0.48,26.8,55.7,3.23,1
2025-03-17,11:00,0.46,26.8,57.8,3.28,1
2025-03-17,12:00,0.64,36.5,57.1,3.21,1
2025-03-17,13:00,0.53,31.7,60.0,3.19,1
2025-03-17,14:00,0.49,28.3,58.3,3.2,1
2025-03-17,15:00,0.45,26.9,59.7,3.26,1
2025-03-17,16:00,0.61,33.8,55.7,3.21,1
2025-03-17,17:00,0.85,48.4,57.3,3.09,1
2025-03-17,18:00,1.06,62.2,58.9,3.14,1
2025-03-17,19:00,1.11,63.1,56.8,3.07,1
2025-03-17,20:00,0.71,41.3,58.2,3.26,1
2025-03-17,21:00,0.82,47.4,57.6,3.09,1
2025-03-17,22:00,0.6,35.8,60.0,3.2,1
2025-03-17,23:00,0.45,25.2,55.9,3.21,1
2025-03-18,00:00,0.33,19.8,59.7,3.22,1
2025-03-18,01:00,0.34,19.2,57.0,3.25,1
2025-03-18,02:00,0.32,18.4,57.3,3.36,1
2025-03-18,03:00,0.32,18.7,57.6,3.28,1
2025-03-18,04:00,0.34,19.2,56.3,3.23,1
2025-03-18,05:00,0.46,27.4,59.8,3.15,1
2025-03-18,06:00,0.94,55.9,59.6,3.04,1
2025-03-18,07:00,1.17,,59.9,3.04,1
2025-03-18,08:00,0.78,46.7,60.0,3.13,1
2025-03-18,09:00,0.7,41.1,58.3,3.17,1
2025-03-18,10:00,0.59,33.5,57.3,3.1,1
2025-03-18,11:00,0.54,31.9,59.3,3.22,1
2025-03-18,12:00,0.66,36.3,55.1,3.26,1
2025-03-18,13:00,0.52,30.9,59.2,3.31,1
2025-03-18,14:00,0.55,31.8,57.5,3.13,1
2025-03-18,15:00,0.45,26.0,58.4,3.21,1
2025-03-18,16:00,0.53,30.0,56.9,3.19,1
2025-03-18,17:00,0.76,43.0,56.8,3.19,1
2025-03-18,18:00,1.19,65.9,55.2,3.03,1
2025-03-18,19:00,7.04,36.2,5.1,3.44,0
2025-03-18,20:00,6.52,28.9,4.4,3.39,0
2025-03-18,21:00,7.82,17.5,2.2,3.42,0
2025-03-18,22:00,6.28,15.1,2.4,3.52,0
2025-03-18,23:00,5.05,6.0,1.2,3.48,0
2025-03-19,00:00,3.47,3.5,0.6,3.51,0
2025-03-19,01:00,2.57,2.6,0.4,3.45,0
2025-03-19,02:00,1.32,1.3,0.2,3.43,0
2025-03-19,03:00,1.57,1.6,0.2,3.46,0
2025-03-19,04:00,2.83,2.8,0.4,3.6,0
2025-03-19,05:00,5.82,12.9,2.2,3.48,0
2025-03-19,06:00,6.99,37.1,5.3,3.37,0
2025-03-19,07:00,7.11,45.7,6.4,3.27,0
2025-03-19,08:00,6.23,36.2,5.8,3.4,0
2025-03-19,09:00,6.21,27.7,4.5,3.32,0
2025-03-19,10:00,5.54,16.2,2.9,3.36,0
2025-03-19,11:00,6.24,11.3,1.8,3.43,0
2025-03-19,12:00,7.36,21.4,2.9,3.51,0
2025-03-19,13:00,7.73,12.1,1.6,3.55,0
2025-03-19,14:00,6.78,14.9,2.2,3.42,0
2025-03-19,15:00,5.9,13.8,2.3,3.41,0
2025-03-19,16:00,7.05,15.9,2.3,3.35,0
2025-03-19,17:00,7.22,27.0,3.7,3.4,0
2025-03-19,18:00,6.0,39.5,6.6,3.35,0
2025-03-19,19:00,7.48,55.7,7.5,3.32,0
2025-03-19,20:00,5.22,34.8,6.7,3.41,0
2025-03-19,21:00,5.03,27.5,5.5,3.38,0
2025-03-19,22:00,5.37,17.8,3.3,3.46,0
2025-03-19,23:00,5.47,6.7,1.2,3.44,0
2025-03-20,00:00,3.31,3.3,0.4,3.51,0
2025-03-20,01:00,1.77,1.8,0.3,3.47,0
2025-03-20,02:00,1.21,1.2,0.2,3.52,0
2025-03-20,03:00,1.04,1.0,0.2,3.51,0
2025-03-20,04:00,3.46,3.5,0.6,3.49,0
2025-03-20,05:00,5.9,16.1,2.7,3.48,0
2025-03-20,06:00,5.41,44.7,8.3,3.24,0
2025-03-20,07:00,6.97,37.8,5.4,3.3,0
2025-03-20,08:00,5.41,43.2,8.0,3.31,0
2025-03-20,09:00,7.33,29.8,4.1,3.31,0
2025-03-20,10:00,5.61,13.6,2.4,3.43,0
2025-03-20,11:00,7.19,15.3,2.1,3.42,0
2025-03-20,12:00,7.42,12.5,1.7,3.52,0
2025-03-20,13:00,5.38,15.8,2.9,3.44,0
2025-03-20,14:00,5.26,9.1,1.7,3.52,0
2025-03-20,15:00,7.85,11.7,1.5,3.47,0
2025-03-20,16:00,6.39,10.9,1.7,3.43,0
2025-03-20,17:00,6.89,29.1,4.2,3.39,0
2025-03-20,18:00,5.07,50.4,9.9,3.33,0
2025-03-20,19:00,5.84,41.5,7.1,3.39,0
2025-03-20,20:00,6.52,29.7,4.6,3.37,0
2025-03-20,21:00,7.66,17.0,2.2,3.35,0
2025-03-20,22:00,5.81,14.2,2.4,3.36,0
2025-03-20,23:00,6.64,6.6,0.9,3.46,0
2025-03-21,00:00,2.74,2.7,0.4,3.37,0
2025-03-21,01:00,2.45,2.5,0.5,3.58,0
2025-03-21,02:00,1.36,1.4,0.2,3.52,0
2025-03-21,03:00,1.2,1.2,0.2,3.46,0
2025-03-21,04:00,2.67,2.7,0.4,3.43,0
2025-03-21,05:00,6.91,13.9,2.0,3.5,0
2025-03-21,06:00,6.3,37.9,6.0,3.29,0
2025-03-21,07:00,5.73,50.9,8.9,3.25,0
2025-03-21,08:00,7.09,42.2,6.0,3.29,0
2025-03-21,09:00,6.75,17.7,2.6,3.43,0
2025-03-21,10:00,6.56,15.0,2.3,3.47,0
2025-03-21,11:00,6.66,15.4,2.3,3.5,0
2025-03-21,12:00,5.67,17.0,3.0,3.48,0
2025-03-21,13:00,7.04,16.3,2.3,3.43,0
2025-03-21,14:00,6.16,9.6,1.6,3.51,0
2025-03-21,15:00,6.09,12.4,2.0,3.42,0
2025-03-21,16:00,5.45,16.6,3.1,3.34,0
2025-03-21,17:00,6.79,14.5,2.1,3.41,0
2025-03-21,18:00,6.81,52.0,7.6,3.25,0
2025-03-21,19:00,6.02,26.3,4.4,3.36,0
2025-03-21,20:00,7.58,32.9,4.3,3.32,0
2025-03-21,21:00,7.54,32.0,4.2,3.35,0
2025-03-21,22:00,5.33,14.0,2.6,3.48,0
2025-03-21,23:00,5.55,5.6,0.8,3.56,0
2025-03-22,00:00,3.44,3.4,0.6,3.4,0
2025-03-22,01:00,3.15,3.2,0.4,3.42,0
2025-03-22,02:00,1.17,1.2,0.2,3.46,0
2025-03-22,03:00,2.15,2.1,0.4,3.53,0
2025-03-22,04:00,3.39,3.4,0.5,3.48,0
2025-03-22,05:00,5.81,10.1,1.7,3.42,0
2025-03-22,06:00,7.08,34.3,4.8,3.4,0
2025-03-22,07:00,6.44,48.9,7.6,3.35,0
2025-03-22,08:00,5.66,50.9,9.0,3.3,0
2025-03-22,09:00,6.52,29.7,4.6,3.34,0
2025-03-22,10:00,7.67,12.1,1.6,3.46,0
2025-03-22,11:00,7.38,15.8,2.1,3.43,0
2025-03-22,12:00,6.5,18.0,2.8,3.42,0
2025-03-22,13:00,5.87,22.2,3.8,3.39,0
2025-03-22,14:00,5.54,9.8,1.8,3.51,0
2025-03-22,15:00,7.64,17.7,2.3,3.44,0
2025-03-22,16:00,7.13,17.0,2.4,3.48,0
2025-03-22,17:00,6.72,23.7,3.5,3.47,0
2025-03-22,18:00,7.64,41.1,5.4,3.36,0
2025-03-22,19:00,5.37,47.3,8.8,3.29,0
2025-03-22,20:00,7.05,33.1,4.7,3.42,0
2025-03-22,21:00,5.65,30.5,5.4,3.4,0
2025-03-22,22:00,5.36,13.4,2.5,3.58,0
2025-03-22,23:00,5.52,5.5,0.9,3.49,0
2025-03-23,00:00,3.96,4.0,0.6,3.52,0
2025-03-23,01:00,1.79,1.8,0.2,3.51,0
2025-03-23,02:00,1.47,1.5,0.2,3.49,0
2025-03-23,03:00,1.42,1.4,0.2,3.48,0
2025-03-23,04:00,2.87,2.9,0.4,3.5,0
2025-03-23,05:00,7.0,19.1,2.7,3.45,0
2025-03-23,06:00,7.76,38.9,5.0,3.4,0
2025-03-23,07:00,6.22,62.8,10.1,3.26,0
2025-03-23,08:00,6.17,29.9,4.9,3.36,0
2025-03-23,09:00,5.48,22.5,4.1,3.39,0
2025-03-23,10:00,5.83,17.8,3.1,3.36,0
2025-03-23,11:00,7.64,13.9,1.8,3.53,0
2025-03-23,12:00,6.42,25.6,4.0,3.37,0
2025-03-23,13:00,6.02,13.4,2.2,3.49,0
2025-03-23,14:00,5.65,12.1,2.1,3.47,0
2025-03-23,15:00,6.45,11.4,1.8,3.47,0
2025-03-23,16:00,7.15,17.6,2.5,3.42,0
2025-03-23,17:00,5.86,26.3,4.5,3.36,0
2025-03-23,18:00,7.27,44.4,6.1,3.27,0
2025-03-23,19:00,6.89,52.9,7.7,3.37,0
2025-03-23,20:00,7.36,36.8,5.0,3.36,0
2025-03-23,21:00,5.75,32.9,5.7,3.42,0
2025-03-23,22:00,6.89,17.9,2.6,3.5,0
2025-03-23,23:00,5.46,8.4,1.5,3.45,0
2025-03-24,00:00,3.4,3.4,0.6,3.51,0
2025-03-24,01:00,2.61,2.6,0.4,3.49,0
2025-03-24,02:00,1.41,1.4,0.2,3.44,0
2025-03-24,03:00,1.39,1.4,0.3,3.49,0
2025-03-24,04:00,3.03,3.0,0.4,3.52,0
2025-03-24,05:00,5.16,15.6,3.0,3.41,0
2025-03-24,06:00,6.79,25.5,3.8,3.38,0
2025-03-24,07:00,7.95,60.5,7.6,3.25,0
2025-03-24,08:00,6.59,25.4,3.8,3.5,0
2025-03-24,09:00,7.4,23.2,3.1,3.32,0
2025-03-24,10:00,6.79,20.3,3.0,3.44,0
2025-03-24,11:00,7.35,16.3,2.2,3.42,0
2025-03-24,12:00,6.97,19.2,2.8,3.39,0
2025-03-24,13:00,7.07,13.2,1.9,3.43,0
2025-03-24,14:00,5.68,11.2,2.0,3.49,0
2025-03-24,15:00,7.23,10.6,1.5,3.49,0
2025-03-24,16:00,5.71,12.7,2.2,3.46,0
2025-03-24,17:00,7.94,24.5,3.1,3.46,0
2025-03-24,18:00,5.68,42.4,7.5,3.39,0
2025-03-24,19:00,5.71,41.3,7.2,3.38,0
2025-03-24,20:00,7.58,31.5,4.2,3.35,0
2025-03-24,21:00,5.73,19.7,3.4,3.45,0
2025-03-24,22:00,6.08,16.0,2.6,3.46,0
2025-03-24,23:00,7.14,8.3,1.2,3.43,0
2025-03-25,00:00,3.88,3.9,0.7,3.41,0
2025-03-25,01:00,2.69,2.7,0.5,3.39,0
2025-03-25,02:00,1.51,1.5,0.2,3.5,0
2025-03-25,03:00,1.6,1.6,0.3,3.51,0
2025-03-25,04:00,3.15,3.1,0.6,3.43,0
2025-03-25,05:00,5.03,10.9,2.2,3.51,0
2025-03-25,06:00,6.11,29.9,4.9,3.39,0
2025-03-25,07:00,5.95,80.6,13.5,3.24,0
2025-03-25,08:00,5.09,33.8,6.6,3.38,0
2025-03-25,09:00,6.86,19.4,2.8,3.37,0
2025-03-25,10:00,6.88,16.1,2.3,3.46,0
2025-03-25,11:00,5.21,15.6,3.0,3.47,0
2025-03-25,12:00,5.95,14.0,2.3,3.42,0
2025-03-25,13:00,7.62,18.5,2.4,3.35,0
2025-03-25,14:00,6.75,10.9,1.6,3.46,0
2025-03-25,15:00,6.24,8.9,1.4,3.41,0
2025-03-25,16:00,6.4,18.8,2.9,3.48,0
2025-03-25,17:00,5.62,29.3,5.2,3.36,0
2025-03-25,18:00,7.44,31.6,4.2,3.46,0
2025-03-25,19:00,7.74,68.6,8.9,3.12,0
2025-03-25,20:00,7.73,42.2,5.5,3.34,0
2025-03-25,21:00,5.67,25.8,4.6,3.47,0
2025-03-25,22:00,5.93,20.3,3.4,3.37,0
2025-03-25,23:00,5.48,7.6,1.4,3.46,0
2025-03-26,00:00,3.67,3.7,0.6,3.47,0
2025-03-26,01:00,1.94,1.9,0.3,3.46,0
2025-03-26,02:00,1.66,1.7,0.2,3.51,0
2025-03-26,03:00,1.63,1.6,0.3,3.43,0
2025-03-26,04:00,2.96,3.0,0.4,3.48,0
2025-03-26,05:00,5.31,9.5,1.8,3.49,0
2025-03-26,06:00,5.02,34.1,6.8,3.35,0
2025-03-26,07:00,7.56,51.0,6.7,3.25,0
2025-03-26,08:00,7.11,28.3,4.0,3.44,0
2025-03-26,09:00,6.07,16.5,2.7,3.47,0
2025-03-26,10:00,6.79,16.5,2.4,3.38,0
2025-03-26,11:00,5.67,8.8,1.5,3.4,0
2025-03-26,12:00,5.51,19.2,3.5,3.38,0
2025-03-26,13:00,6.41,13.4,2.1,3.47,0
2025-03-26,14:00,6.06,14.4,2.4,3.46,0
2025-03-26,15:00,6.85,10.0,1.5,3.5,0
2025-03-26,16:00,5.65,16.9,3.0,3.42,0
2025-03-26,17:00,6.99,23.9,3.4,3.36,0
2025-03-26,18:00,7.3,41.5,5.7,3.38,0
2025-03-26,19:00,5.5,55.6,10.1,3.25,0
2025-03-26,20:00,5.13,33.7,6.6,3.37,0
2025-03-26,21:00,6.32,31.5,5.0,3.3,0
2025-03-26,22:00,7.32,12.1,1.7,3.42,0
2025-03-26,23:00,6.95,7.8,1.1,3.52,0
2025-03-27,00:00,4.44,4.4,0.6,3.45,0
2025-03-27,01:00,2.53,2.5,0.4,3.53,0
2025-03-27,02:00,2.17,2.2,0.4,3.37,0
2025-03-27,03:00,1.27,1.3,0.2,3.47,0
2025-03-27,04:00,2.24,2.2,0.4,3.48,0
2025-03-27,05:00,7.18,9.1,1.3,3.55,0
2025-03-27,06:00,5.59,37.9,6.8,3.29,0
2025-03-27,07:00,5.87,57.1,9.7,3.31,0
2025-03-27,08:00,6.52,37.7,5.8,3.4,0
2025-03-27,09:00,6.46,17.7,2.7,3.39,0
2025-03-27,10:00,6.8,17.2,2.5,3.41,0
2025-03-27,11:00,6.31,11.5,1.8,3.46,0
2025-03-27,12:00,7.76,23.3,3.0,3.33,0
2025-03-27,13:00,7.52,26.1,3.5,3.37,0
2025-03-27,14:00,7.64,11.9,1.6,3.52,0
2025-03-27,15:00,6.89,12.4,1.8,3.48,0
2025-03-27,16:00,6.91,13.4,1.9,3.44,0
2025-03-27,17:00,6.83,18.0,2.6,3.43,0
2025-03-27,18:00,6.3,36.0,5.7,3.39,0
2025-03-27,19:00,5.97,38.5,6.5,3.38,0
2025-03-27,20:00,6.78,27.6,4.1,3.36,0
2025-03-27,21:00,5.08,36.4,7.2,3.43,0
2025-03-27,22:00,5.02,15.6,3.1,3.5,0
2025-03-27,23:00,7.55,8.0,1.1,3.5,0
2025-03-28,00:00,3.47,3.5,0.7,3.44,0
2025-03-28,01:00,2.14,2.1,0.3,3.44,0
2025-03-28,02:00,1.79,1.8,0.3,3.48,0
2025-03-28,03:00,1.47,1.5,0.3,3.5,0
2025-03-28,04:00,3.28,3.3,0.4,3.4,0
2025-03-28,05:00,5.57,10.6,1.9,3.48,0
2025-03-28,06:00,7.65,31.0,4.0,3.44,0
2025-03-28,07:00,7.29,38.9,5.3,3.37,0
2025-03-28,08:00,5.72,24.8,4.3,3.37,0
2025-03-28,09:00,5.45,21.0,3.8,3.38,0
2025-03-28,10:00,5.95,14.9,2.5,3.46,0
2025-03-28,11:00,6.19,11.4,1.8,3.45,0
2025-03-28,12:00,5.74,18.3,3.2,3.45,0
2025-03-28,13:00,8.0,14.9,1.9,3.47,0
2025-03-28,14:00,5.69,7.2,1.3,3.53,0
2025-03-28,15:00,7.49,9.2,1.2,3.41,0
2025-03-28,16:00,5.48,16.0,2.9,3.45,0
2025-03-28,17:00,7.94,27.9,3.5,3.37,0
2025-03-28,18:00,5.68,32.2,5.7,3.37,0
2025-03-28,19:00,6.27,49.4,7.9,3.35,0
2025-03-28,20:00,6.68,45.2,6.8,3.37,0
2025-03-28,21:00,5.36,30.1,5.6,3.45,0
2025-03-28,22:00,7.45,14.5,1.9,3.46,0
2025-03-28,23:00,5.82,6.7,1.2,3.47,0
2025-03-29,00:00,3.74,3.7,0.6,3.47,0
2025-03-29,01:00,2.79,2.8,0.4,3.4,0
2025-03-29,02:00,1.76,1.8,0.3,3.56,0
2025-03-29,03:00,1.92,1.9,0.4,3.48,0
2025-03-29,04:00,3.48,3.5,0.6,3.51,0
2025-03-29,05:00,5.48,15.0,2.7,3.47,0
2025-03-29,06:00,5.91,38.8,6.6,3.28,0
2025-03-29,07:00,5.43,69.4,12.8,3.18,0
2025-03-29,08:00,7.77,50.4,6.5,3.38,0
2025-03-29,09:00,6.54,21.6,3.3,3.43,0
2025-03-29,10:00,6.87,11.8,1.7,3.42,0
2025-03-29,11:00,6.07,23.1,3.8,3.4,0
2025-03-29,12:00,5.83,22.3,3.8,3.47,0
2025-03-29,13:00,6.51,12.0,1.8,3.5,0
2025-03-29,14:00,5.88,11.0,1.9,3.38,0
2025-03-29,15:00,6.03,14.8,2.5,3.52,0
2025-03-29,16:00,6.36,16.0,2.5,3.48,0
2025-03-29,17:00,6.52,26.8,4.1,3.39,0
2025-03-29,18:00,7.95,61.6,7.8,3.19,0
2025-03-29,19:00,5.67,44.6,7.9,3.37,0
2025-03-29,20:00,6.46,36.1,5.6,3.38,0
2025-03-29,21:00,5.45,30.9,5.7,3.3,0
2025-03-29,22:00,6.05,18.3,3.0,3.42,0
2025-03-29,23:00,7.15,9.4,1.3,3.62,0
2025-03-30,00:00,5.08,5.1,0.9,3.48,0
2025-03-30,01:00,2.64,2.6,0.4,3.45,0
2025-03-30,02:00,1.87,1.9,0.3,3.44,0
2025-03-30,03:00,1.61,1.6,0.3,3.58,0
2025-03-30,04:00,3.43,3.4,0.4,3.53,0
2025-03-30,05:00,6.24,13.0,2.1,3.52,0
2025-03-30,06:00,7.35,39.8,5.4,3.35,0
2025-03-30,07:00,6.25,69.2,11.1,3.29,0
2025-03-30,08:00,7.81,47.3,6.1,3.27,0
2025-03-30,09:00,5.87,25.6,4.4,3.41,0
2025-03-30,10:00,6.24,14.4,2.3,3.46,0
2025-03-30,11:00,7.28,17.2,2.4,3.5,0
2025-03-30,12:00,6.03,21.0,3.5,3.43,0
2025-03-30,13:00,6.09,17.6,2.9,3.4,0
2025-03-30,14:00,7.98,19.7,2.5,3.42,0
2025-03-30,15:00,6.67,11.4,1.7,3.37,0
2025-03-30,16:00,7.07,18.4,2.6,3.31,0
2025-03-30,17:00,6.93,36.7,5.3,3.39,0
2025-03-30,18:00,7.48,47.5,6.3,3.29,0
2025-03-30,19:00,7.59,87.8,11.6,3.14,0
2025-03-30,20:00,6.69,39.2,5.9,3.38,0
2025-03-30,21:00,5.88,31.6,5.4,3.44,0
2025-03-30,22:00,5.07,14.4,2.8,3.47,0
2025-03-30,23:00,6.84,7.9,1.2,3.56,0
2025-03-31,00:00,3.87,3.9,0.5,3.51,0
2025-03-31,01:00,2.62,2.6,0.4,3.5,0
2025-03-31,02:00,1.57,1.6,0.3,3.51,0
2025-03-31,03:00,1.89,1.9,0.3,3.43,0
2025-03-31,04:00,2.89,2.9,0.4,3.54,0
2025-03-31,05:00,7.51,10.3,1.4,3.34,0
2025-03-31,06:00,5.52,56.9,10.3,3.24,0
2025-03-31,07:00,6.84,55.7,8.2,3.28,0
2025-03-31,08:00,7.26,31.9,4.4,3.33,0
2025-03-31,09:00,7.81,19.2,2.5,3.4,0
2025-03-31,10:00,5.35,12.2,2.3,3.54,0
2025-03-31,11:00,7.78,17.8,2.3,3.48,0
2025-03-31,12:00,6.8,17.1,2.5,3.4,0
2025-03-31,13:00,7.3,15.1,2.1,3.42,0
2025-03-31,14:00,5.16,10.9,2.1,3.39,0
2025-03-31,15:00,6.52,12.8,2.0,3.48,0
2025-03-31,16:00,6.87,12.4,1.8,3.44,0
2025-03-31,17:00,5.92,20.8,3.5,3.32,0
2025-03-31,18:00,6.29,42.3,6.7,3.34,0
2025-03-31,19:00,6.66,54.0,8.1,3.31,0
2025-03-31,20:00,6.66,39.3,5.9,3.39,0
2025-03-31,21:00,5.13,21.9,4.3,3.41,0
2025-03-31,22:00,6.32,16.9,2.7,3.41,0
2025-03-31,23:00,5.64,6.3,1.1,3.57,0
2025-04-01,00:00,3.32,3.3,0.4,3.49,0
2025-04-01,01:00,1.83,1.8,0.2,3.53,0
2025-04-01,02:00,1.91,1.9,0.3,3.47,0
2025-04-01,03:00,1.67,1.7,0.3,3.53,0
2025-04-01,04:00,3.32,3.3,0.6,3.41,0
2025-04-01,05:00,6.43,14.2,2.2,3.42,0
2025-04-01,06:00,7.62,58.1,7.6,3.21,0
2025-04-01,07:00,6.5,36.6,5.6,3.32,0
2025-04-01,08:00,5.17,31.7,6.1,3.44,0
2025-04-01,09:00,5.12,19.5,3.8,3.39,0
2025-04-01,10:00,5.68,12.4,2.2,3.49,0
2025-04-01,11:00,7.53,11.9,1.6,3.53,0
2025-04-01,12:00,6.86,17.3,2.5,3.43,0
2025-04-01,13:00,6.69,11.5,1.7,3.5,0
2025-04-01,14:00,5.96,11.8,2.0,3.48,0
2025-04-01,15:00,7.79,11.2,1.4,3.46,0
2025-04-01,16:00,5.99,16.2,2.7,3.47,0
2025-04-01,17:00,7.5,28.5,3.8,3.48,0
2025-04-01,18:00,7.69,45.7,5.9,3.29,0
2025-04-01,19:00,6.45,44.4,6.9,3.27,0
2025-04-01,20:00,7.68,56.3,7.3,3.22,0
2025-04-01,21:00,5.83,27.0,4.6,3.44,0
2025-04-01,22:00,6.98,10.1,1.5,3.52,0
2025-04-01,23:00,5.26,6.0,1.1,3.45,0
2025-04-02,00:00,2.6,2.6,0.4,3.38,0
2025-04-02,01:00,2.22,2.2,0.4,3.46,0
2025-04-02,02:00,1.44,1.4,0.3,3.52,0
2025-04-02,03:00,1.34,1.3,0.3,3.49,0
2025-04-02,04:00,4.4,4.4,0.7,3.49,0
2025-04-02,05:00,6.77,12.3,1.8,3.42,0
2025-04-02,06:00,6.37,38.3,6.0,3.4,0
2025-04-02,07:00,5.91,42.8,7.2,3.35,0
2025-04-02,08:00,7.97,30.1,3.8,3.41,0
2025-04-02,09:00,7.82,22.2,2.8,3.42,0
2025-04-02,10:00,5.38,15.2,2.8,3.47,0
2025-04-02,11:00,6.25,10.2,1.6,3.48,0
2025-04-02,12:00,6.95,17.8,2.6,3.38,0
2025-04-02,13:00,7.2,14.8,2.1,3.46,0
2025-04-02,14:00,6.1,10.6,1.7,3.5,0
2025-04-02,15:00,7.24,9.4,1.3,3.52,0
2025-04-02,16:00,5.37,13.2,2.5,3.47,0
2025-04-02,17:00,6.0,24.9,4.1,3.35,0
2025-04-02,18:00,7.15,41.2,5.8,3.29,0
2025-04-02,19:00,6.88,54.0,7.9,3.26,0
2025-04-02,20:00,7.51,45.7,6.1,3.33,0
2025-04-02,21:00,5.14,24.3,4.7,3.4,0
2025-04-02,22:00,5.52,13.4,2.4,3.39,0
2025-04-02,23:00,5.15,8.0,1.6,3.41,0
2025-04-03,00:00,4.16,4.2,0.7,3.38,0
2025-04-03,01:00,2.03,2.0,0.4,3.34,0
2025-04-03,02:00,1.73,1.7,0.3,3.49,0
2025-04-03,03:00,1.79,1.8,0.3,3.61,0
2025-04-03,04:00,3.81,3.8,0.5,3.57,0
2025-04-03,05:00,6.15,15.8,2.6,3.39,0
2025-04-03,06:00,5.01,27.9,5.6,3.4,0
2025-04-03,07:00,7.02,51.7,7.4,3.22,0
2025-04-03,08:00,5.16,36.9,7.1,3.29,0
2025-04-03,09:00,7.6,21.7,2.9,3.35,0
2025-04-03,10:00,5.07,12.9,2.6,3.44,0
2025-04-03,11:00,6.59,10.9,1.7,3.45,0
2025-04-03,12:00,7.68,18.8,2.4,3.44,0
2025-04-03,13:00,6.72,12.6,1.9,3.48,0
2025-04-03,14:00,6.83,11.2,1.6,3.44,0
2025-04-03,15:00,7.04,9.4,1.3,3.46,0
2025-04-03,16:00,5.37,11.8,2.2,3.4,0
2025-04-03,17:00,7.02,27.0,3.8,3.32,0
2025-04-03,18:00,7.64,41.8,5.5,3.26,0
2025-04-03,19:00,7.92,53.8,6.8,3.32,0
2025-04-03,20:00,6.33,57.0,9.0,3.25,0
2025-04-03,21:00,6.03,27.3,4.5,3.3,0
2025-04-03,22:00,7.26,16.2,2.2,3.43,0
2025-04-03,23:00,5.94,5.9,0.9,3.41,0
2025-04-04,00:00,2.85,,0.5,3.57,0
2025-04-04,01:00,3.03,3.0,0.5,3.46,0
2025-04-04,02:00,1.23,1.2,0.2,3.53,0
2025-04-04,03:00,1.2,1.2,0.2,3.55,0
2025-04-04,04:00,2.92,2.9,0.5,3.44,0
2025-04-04,05:00,5.06,10.9,2.1,3.46,0
2025-04-04,06:00,5.16,27.7,5.4,3.42,0
2025-04-04,07:00,7.79,48.5,6.2,3.31,0
2025-04-04,08:00,5.22,47.1,9.0,3.33,0
2025-04-04,09:00,5.22,18.8,3.6,3.36,0
2025-04-04,10:00,6.35,11.2,1.8,3.48,0
2025-04-04,11:00,5.74,17.8,3.1,3.4,0
2025-04-04,12:00,7.89,20.3,2.6,3.44,0
2025-04-04,13:00,7.73,13.0,1.7,3.49,0
2025-04-04,14:00,6.21,8.1,1.3,3.5,0
2025-04-04,15:00,6.35,9.5,1.5,3.48,0
2025-04-04,16:00,6.13,14.6,2.4,3.47,0
2025-04-04,17:00,5.11,32.6,6.4,3.4,0
2025-04-04,18:00,5.88,33.0,5.6,3.44,0
2025-04-04,19:00,5.37,47.1,8.8,3.31,0
2025-04-04,20:00,5.31,42.2,8.0,3.34,0
2025-04-04,20:00,5.31,42.2,8.0,3.34,0
2025-04-04,21:00,6.68,16.0,2.4,3.48,0
2025-04-04,22:00,5.3,18.1,3.4,3.4,0
2025-04-04,23:00,5.31,5.8,1.1,3.41,0
2025-04-05,00:00,4.53,4.5,0.7,3.51,0
2025-04-05,01:00,2.67,2.7,0.4,3.48,0
2025-04-05,02:00,2.11,2.1,0.4,3.43,0
2025-04-05,03:00,1.89,1.9,0.4,3.52,0
2025-04-05,04:00,2.11,2.1,0.4,3.56,0
2025-04-05,05:00,5.71,10.9,1.9,3.38,0
2025-04-05,06:00,7.4,39.2,5.3,3.39,0
2025-04-05,07:00,7.75,57.1,7.4,3.14,0
2025-04-05,08:00,6.22,46.7,7.5,3.29,0
2025-04-05,09:00,6.22,29.8,4.8,3.47,0
2025-04-05,10:00,7.14,19.2,2.7,3.41,0
2025-04-05,11:00,6.88,16.3,2.4,3.44,0
2025-04-05,12:00,5.55,14.7,2.6,3.48,0
2025-04-05,13:00,5.32,15.5,2.9,3.35,0
2025-04-05,14:00,6.31,13.8,2.2,3.45,0
2025-04-05,15:00,6.69,10.2,1.5,3.46,0
2025-04-05,16:00,5.42,19.3,3.6,3.52,0
2025-04-05,17:00,5.88,35.6,6.1,3.3,0
2025-04-05,18:00,5.92,47.9,8.1,3.29,0
2025-04-05,19:00,5.78,29.9,5.2,3.33,0
2025-04-05,20:00,6.38,32.9,5.1,3.32,0
2025-04-05,21:00,6.96,43.3,6.2,3.38,0
2025-04-05,22:00,6.53,15.2,2.3,3.44,0
2025-04-05,23:00,5.6,5.7,1.0,3.45,0
2025-04-06,00:00,5.31,5.4,1.0,3.45,0
2025-04-06,01:00,2.55,2.6,0.3,3.46,0
2025-04-06,02:00,2.12,2.1,0.3,3.47,0
2025-04-06,03:00,1.79,1.8,0.3,3.43,0
2025-04-06,04:00,3.72,3.7,0.6,3.47,0
2025-04-06,05:00,7.41,13.7,1.8,3.43,0
2025-04-06,06:00,7.26,43.9,6.1,3.29,0
2025-04-06,07:00,7.63,93.7,12.3,3.13,0
2025-04-06,08:00,6.81,51.6,7.6,3.31,0
2025-04-06,09:00,6.27,18.6,3.0,3.4,0
2025-04-06,10:00,6.28,18.6,3.0,3.42,0
2025-04-06,11:00,5.58,21.3,3.8,3.52,0
2025-04-06,12:00,6.95,27.0,3.9,3.5,0
2025-04-06,13:00,6.76,15.6,2.3,3.38,0
2025-04-06,14:00,5.46,16.1,2.9,3.39,0
2025-04-06,15:00,7.66,15.3,2.0,3.39,0
2025-04-06,16:00,6.11,28.4,4.7,3.44,0
2025-04-06,17:00,5.15,25.6,5.0,3.38,0
2025-04-06,18:00,5.98,42.2,7.1,3.34,0
2025-04-06,19:00,7.61,52.0,6.8,3.39,0
2025-04-06,20:00,7.75,38.5,5.0,3.35,0
2025-04-06,21:00,6.47,24.9,3.8,3.44,0
2025-04-06,22:00,7.87,9.8,1.2,3.49,0
2025-04-06,23:00,7.63,7.8,1.0,3.44,0
2025-04-07,00:00,3.98,4.0,0.5,3.54,0
2025-04-07,01:00,2.01,2.0,0.3,3.45,0
2025-04-07,02:00,2.18,2.2,0.4,3.56,0
2025-04-07,03:00,1.48,1.5,0.2,3.46,0
2025-04-07,04:00,3.83,3.8,0.6,3.46,0
2025-04-07,05:00,7.16,11.7,1.6,3.4,0
2025-04-07,06:00,5.53,39.3,7.1,3.3,0
2025-04-07,07:00,7.19,54.7,7.6,3.26,0
2025-04-07,08:00,7.87,48.6,6.2,3.18,0
2025-04-07,09:00,5.91,22.4,3.8,3.4,0
2025-04-07,10:00,7.96,16.3,2.1,3.41,0
2025-04-07,11:00,6.14,15.9,2.6,3.48,0
2025-04-07,12:00,5.6,17.5,3.1,3.45,0
2025-04-07,13:00,5.34,16.0,3.0,3.4,0
2025-04-07,14:00,7.35,17.3,2.4,3.41,0
2025-04-07,15:00,6.66,10.5,1.6,3.45,0
2025-04-07,16:00,5.92,16.1,2.7,3.51,0
2025-04-07,17:00,6.83,33.3,4.9,3.33,0
2025-04-07,18:00,6.0,51.1,8.5,3.26,0
2025-04-07,19:00,1.33,77.5,58.5,2.98,1
2025-04-07,20:00,0.9,52.2,58.0,3.07,1
2025-04-07,21:00,1.0,58.0,57.7,3.13,1
2025-04-07,22:00,0.7,38.7,55.4,3.21,1
2025-04-07,23:00,0.66,39.2,59.5,3.26,1
2025-04-08,00:00,0.57,33.1,58.1,3.27,1
2025-04-08,01:00,0.55,32.0,57.9,3.34,1
2025-04-08,02:00,0.53,30.5,57.7,3.22,1
2025-04-08,03:00,0.53,30.3,57.0,3.22,1
2025-04-08,04:00,0.58,32.4,56.3,3.16,1
2025-04-08,05:00,0.69,40.3,58.8,3.22,1
2025-04-08,06:00,1.03,59.4,57.5,3.12,1
2025-04-08,07:00,1.49,82.0,55.2,3.05,1
2025-04-08,08:00,1.64,93.7,57.0,2.92,1
2025-04-08,09:00,0.93,55.5,59.6,3.15,1
2025-04-08,10:00,0.84,47.5,56.9,3.17,1
2025-04-08,11:00,0.82,46.8,57.1,3.17,1
2025-04-08,12:00,0.93,54.1,58.1,3.1,1
2025-04-08,13:00,0.74,43.5,59.0,3.24,1
2025-04-08,14:00,0.63,36.6,58.3,3.31,1
2025-04-08,15:00,0.67,39.9,59.3,3.13,1
2025-04-08,16:00,0.84,46.7,55.6,3.2,1
2025-04-08,17:00,0.85,50.6,59.6,3.0,1
2025-04-08,18:00,1.15,68.6,59.5,3.11,1
2025-04-08,19:00,1.24,71.2,57.6,2.97,1
2025-04-08,20:00,1.36,79.3,58.1,3.01,1
2025-04-08,21:00,1.06,59.4,56.1,3.05,1
2025-04-08,22:00,0.81,46.1,57.2,3.15,1
2025-04-08,23:00,0.67,37.6,56.0,3.24,1
2025-04-09,00:00,0.6,32.9,55.1,3.13,1
2025-04-09,01:00,2.31,2.3,0.3,3.47,0
2025-04-09,02:00,1.17,1.2,0.2,3.47,0
2025-04-09,03:00,0.96,1.0,0.2,3.58,0
2025-04-09,04:00,3.06,3.1,0.6,3.51,0
2025-04-09,05:00,5.44,11.9,2.2,3.39,0
2025-04-09,06:00,6.81,42.5,6.2,3.31,0
2025-04-09,07:00,7.76,71.1,9.2,3.29,0
2025-04-09,08:00,6.31,50.8,8.0,3.33,0
2025-04-09,09:00,6.03,18.2,3.0,3.38,0
2025-04-09,10:00,7.3,13.8,1.9,3.43,0
2025-04-09,11:00,7.23,16.3,2.3,3.42,0
2025-04-09,12:00,5.74,30.8,5.4,3.35,0
2025-04-09,13:00,5.48,20.0,3.6,3.33,0
2025-04-09,14:00,6.07,13.9,2.3,3.41,0
2025-04-09,15:00,7.33,10.3,1.4,3.53,0
2025-04-09,16:00,7.09,12.4,1.8,3.43,0
2025-04-09,17:00,7.0,30.4,4.3,3.37,0
2025-04-09,18:00,7.49,32.8,4.4,3.38,0
2025-04-09,19:00,5.83,46.0,7.9,3.43,0
2025-04-09,20:00,6.02,36.3,6.0,3.36,0
2025-04-09,21:00,5.13,35.8,7.0,3.41,0
2025-04-09,22:00,7.61,13.8,1.8,3.41,0
2025-04-09,23:00,4.56,4.6,0.7,3.47,0
2025-04-10,00:00,4.11,4.1,0.7,3.48,0
2025-04-10,01:00,1.94,1.9,0.4,3.45,0
2025-04-10,01:00,1.94,1.9,0.4,3.45,0
2025-04-10,02:00,1.5,1.5,0.2,3.48,0
2025-04-10,03:00,1.46,1.5,0.2,3.54,0
2025-04-10,04:00,2.81,2.8,0.4,3.45,0
2025-04-10,05:00,5.61,13.1,2.3,3.45,0
2025-04-10,06:00,7.74,24.6,3.2,3.44,0
2025-04-10,07:00,7.26,46.9,6.5,3.27,0
2025-04-10,08:00,6.97,42.6,6.1,3.38,0
2025-04-10,09:00,6.95,19.7,2.8,3.42,0
2025-04-10,10:00,7.71,10.8,1.4,3.45,0
2025-04-10,11:00,7.78,17.0,2.2,3.33,0
2025-04-10,12:00,6.79,23.3,3.4,3.39,0
2025-04-10,13:00,6.25,14.7,2.4,3.46,0
2025-04-10,14:00,6.09,7.5,1.2,3.56,0
2025-04-10,15:00,7.46,12.9,1.7,3.48,0
2025-04-10,16:00,6.93,10.7,1.5,3.51,0
2025-04-10,17:00,5.23,27.7,5.3,3.33,0
2025-04-10,18:00,5.43,34.3,6.3,3.36,0
2025-04-10,19:00,7.7,38.4,5.0,3.41,0
2025-04-10,20:00,7.65,34.1,4.5,3.32,0
2025-04-10,21:00,7.86,25.1,3.2,3.45,0
2025-04-10,22:00,6.28,13.1,2.1,3.48,0
2025-04-10,23:00,7.35,8.4,1.1,3.48,0
2025-04-11,00:00,3.41,3.4,0.5,3.47,0
2025-04-11,01:00,2.72,2.7,0.5,3.44,0
2025-04-11,02:00,1.58,1.6,0.3,3.58,0
2025-04-11,03:00,1.3,1.3,0.2,3.53,0
2025-04-11,04:00,2.51,2.5,0.5,3.51,0
2025-04-11,05:00,6.79,8.0,1.2,3.45,0
2025-04-11,06:00,6.95,35.5,5.1,3.36,0
2025-04-11,07:00,7.05,48.6,6.9,3.31,0
2025-04-11,08:00,5.77,23.2,4.0,3.43,0
2025-04-11,09:00,7.16,20.1,2.8,3.46,0
2025-04-11,10:00,5.65,12.4,2.2,3.41,0
2025-04-11,11:00,7.49,20.4,2.7,3.34,0
2025-04-11,12:00,5.66,13.3,2.3,3.45,0
2025-04-11,13:00,7.09,11.2,1.6,3.37,0
2025-04-11,14:00,7.35,14.0,1.9,3.43,0
2025-04-11,15:00,5.57,14.7,2.6,3.42,0
2025-04-11,16:00,5.71,12.9,2.2,3.47,0
2025-04-11,17:00,7.34,23.0,3.1,3.51,0
2025-04-11,18:00,5.26,46.4,8.8,3.22,0
2025-04-11,19:00,5.57,30.4,5.5,3.49,0
2025-04-11,20:00,6.37,25.7,4.0,3.39,0
2025-04-11,21:00,7.79,24.7,3.2,3.42,0
2025-04-11,22:00,6.69,20.3,3.0,3.35,0
2025-04-11,23:00,6.16,-999.0,1.1,3.52,0
2025-04-12,00:00,4.38,4.4,0.6,3.48,0
2025-04-12,01:00,3.23,3.2,0.5,3.48,0
2025-04-12,02:00,2.62,2.6,0.4,3.39,0
2025-04-12,03:00,1.53,1.5,0.2,3.5,0
2025-04-12,04:00,3.42,3.4,0.6,3.53,0
2025-04-12,05:00,5.98,-999.0,3.1,3.41,0
2025-04-12,06:00,7.06,28.5,4.0,3.44,0
2025-04-12,07:00,5.12,73.8,14.4,3.26,0
2025-04-12,08:00,7.05,35.0,5.0,3.33,0
2025-04-12,09:00,5.6,26.3,4.7,3.47,0
2025-04-12,10:00,6.15,16.4,2.7,3.44,0
2025-04-12,11:00,5.44,14.2,2.6,3.45,0
2025-04-12,12:00,6.66,17.7,2.7,3.43,0
2025-04-12,13:00,7.19,18.2,2.5,3.43,0
2025-04-12,14:00,6.06,15.7,2.6,3.31,0
2025-04-12,15:00,5.49,12.6,2.3,3.44,0
2025-04-12,16:00,5.68,17.4,3.1,3.36,0
2025-04-12,17:00,7.45,33.7,4.5,3.45,0
2025-04-12,18:00,5.8,38.9,6.7,3.42,0
2025-04-12,19:00,7.32,64.8,8.8,3.28,0
2025-04-12,20:00,5.99,50.7,8.5,3.29,0
2025-04-12,21:00,5.57,50.7,9.1,3.25,0
2025-04-12,22:00,7.18,16.0,2.2,3.4,0
2025-04-12,23:00,6.41,7.9,1.2,3.57,0
2025-04-13,00:00,5.02,5.0,1.0,3.45,0
2025-04-13,01:00,3.04,3.0,0.4,3.37,0
2025-04-13,02:00,1.55,1.5,0.3,3.55,0
2025-04-13,03:00,1.59,1.6,0.3,3.57,0
2025-04-13,04:00,3.84,3.8,0.6,3.57,0
2025-04-13,05:00,6.47,10.9,1.7,3.51,0
2025-04-13,06:00,7.36,35.7,4.9,3.42,0
2025-04-13,07:00,5.02,61.4,12.2,3.26,0
2025-04-13,08:00,7.8,52.6,6.7,3.19,0
2025-04-13,09:00,6.94,22.9,3.3,3.41,0
2025-04-13,10:00,7.85,11.9,1.5,3.48,0
2025-04-13,11:00,7.45,11.7,1.6,3.45,0
2025-04-13,12:00,7.78,16.7,2.2,3.42,0
2025-04-13,13:00,6.8,13.3,1.9,3.4,0
2025-04-13,14:00,6.07,12.5,2.1,3.4,0
2025-04-13,15:00,6.33,10.2,1.6,3.55,0
2025-04-13,16:00,6.97,15.0,2.1,3.53,0
2025-04-13,17:00,6.28,25.8,4.1,3.4,0
2025-04-13,18:00,7.2,43.4,6.0,3.34,0
2025-04-13,19:00,5.28,73.0,13.8,3.16,0
2025-04-13,20:00,7.49,49.2,6.6,3.34,0
2025-04-13,21:00,5.61,30.3,5.4,3.47,0
2025-04-13,22:00,7.83,15.7,2.0,3.36,0
2025-04-13,23:00,5.47,7.9,1.4,3.49,0
2025-04-14,00:00,4.01,4.0,0.7,3.51,0
2025-04-14,01:00,2.53,2.5,0.3,3.52,0
2025-04-14,02:00,1.25,1.3,0.2,3.58,0
2025-04-14,03:00,1.51,1.5,0.2,3.6,0
2025-04-14,04:00,2.0,2.0,0.3,3.48,0
2025-04-14,05:00,5.81,11.7,2.0,3.49,0
2025-04-14,06:00,7.48,39.4,5.3,3.35,0
2025-04-14,07:00,6.06,49.7,8.2,3.27,0
2025-04-14,08:00,6.61,54.0,8.2,3.3,0
2025-04-14,09:00,6.34,18.9,3.0,3.46,0
2025-04-14,10:00,5.02,15.7,3.1,3.45,0
2025-04-14,11:00,6.72,14.9,2.2,3.4,0
2025-04-14,12:00,7.24,18.4,2.5,3.4,0
2025-04-14,13:00,5.52,14.7,2.7,3.42,0
2025-04-14,14:00,7.79,11.5,1.5,3.41,0
2025-04-14,15:00,6.59,13.4,2.0,3.46,0
2025-04-14,16:00,5.53,19.8,3.6,3.44,0
2025-04-14,17:00,6.94,26.3,3.8,3.44,0
2025-04-14,18:00,5.58,48.7,8.7,3.26,0
2025-04-14,19:00,5.19,42.5,8.2,3.3,0
2025-04-14,20:00,7.06,43.8,6.2,3.4,0
2025-04-14,21:00,5.33,22.6,4.2,3.4,0
2025-04-14,22:00,5.32,18.7,3.5,3.43,0
2025-04-14,23:00,7.22,11.7,1.6,3.44,0
2025-04-15,00:00,3.67,3.7,0.7,3.54,0
2025-04-15,01:00,1.46,1.5,0.2,3.55,0
2025-04-15,02:00,1.35,1.3,0.2,3.55,0
2025-04-15,03:00,1.93,1.9,0.4,3.49,0
2025-04-15,04:00,3.36,3.4,0.5,3.44,0
2025-04-15,05:00,5.29,11.9,2.2,3.55,0
2025-04-15,06:00,6.9,41.5,6.0,3.38,0
2025-04-15,07:00,5.19,58.1,11.2,3.24,0
2025-04-15,08:00,7.83,48.1,6.1,3.38,0
2025-04-15,09:00,5.62,27.2,4.8,3.36,0
2025-04-15,10:00,7.05,20.4,2.9,3.49,0
2025-04-15,11:00,5.38,16.2,3.0,3.51,0
2025-04-15,12:00,5.63,22.6,4.0,3.36,0
2025-04-15,13:00,6.35,14.2,2.2,3.47,0
2025-04-15,14:00,6.72,10.0,1.5,3.5,0
2025-04-15,15:00,0.55,30.7,55.8,3.36,1
2025-04-15,16:00,0.55,30.5,55.9,3.19,1
2025-04-15,17:00,0.77,45.8,59.5,3.24,1
2025-04-15,18:00,1.0,57.3,57.4,3.12,1
2025-04-15,19:00,1.03,58.4,56.9,3.05,1
2025-04-15,20:00,0.91,52.6,57.8,3.13,1
2025-04-15,21:00,0.83,50.0,59.9,3.15,1
2025-04-15,22:00,0.57,31.6,55.6,3.17,1
2025-04-15,23:00,0.34,20.1,58.8,3.29,1
2025-04-16,00:00,0.32,18.4,56.7,3.32,1
2025-04-16,01:00,0.32,18.0,55.6,3.29,1
2025-04-16,02:00,0.28,16.2,57.1,3.26,1
2025-04-16,03:00,0.27,15.8,57.7,3.28,1
2025-04-16,04:00,0.34,19.2,56.0,3.27,1
2025-04-16,05:00,0.49,27.8,57.0,3.25,1
2025-04-16,06:00,0.83,48.3,58.2,3.21,1
2025-04-16,07:00,1.1,63.9,57.9,3.11,1
2025-04-16,08:00,1.05,61.7,58.6,3.03,1
2025-04-16,09:00,0.59,35.1,59.2,3.18,1
2025-04-16,10:00,0.59,33.8,57.0,3.22,1
2025-04-16,11:00,0.55,31.6,57.1,3.28,1
2025-04-16,12:00,0.6,34.6,57.5,3.28,1
2025-04-16,13:00,0.52,30.3,57.8,3.32,1
2025-04-16,14:00,0.46,25.7,55.5,3.25,1
2025-04-16,15:00,0.51,28.7,56.6,3.27,1
2025-04-16,16:00,0.49,27.5,55.9,3.17,1
2025-04-16,17:00,0.6,33.9,56.9,3.24,1
2025-04-16,18:00,1.03,61.8,59.9,3.05,1
2025-04-16,19:00,1.22,70.6,57.9,3.06,1
2025-04-16,20:00,0.99,56.4,57.1,3.28,1
2025-04-16,21:00,0.75,43.5,57.8,3.19,1
2025-04-16,22:00,0.5,29.0,58.3,3.19,1
2025-04-16,23:00,0.41,23.6,57.2,3.28,1
2025-04-17,00:00,0.32,18.5,57.2,3.25,1
2025-04-17,01:00,2.06,2.1,0.3,3.44,0
2025-04-17,02:00,1.42,1.4,0.3,3.6,0
2025-04-17,03:00,2.27,2.3,0.3,3.54,0
2025-04-17,04:00,2.14,2.1,0.4,3.51,0
2025-04-17,05:00,5.58,12.6,2.3,3.43,0
2025-04-17,06:00,5.44,24.4,4.5,3.39,0
2025-04-17,07:00,6.71,51.9,7.7,3.37,0
2025-04-17,08:00,6.33,34.8,5.5,3.38,0
2025-04-17,09:00,5.75,15.0,2.6,3.29,0
2025-04-17,10:00,6.29,16.4,2.6,3.56,0
2025-04-17,11:00,7.02,14.1,2.0,3.45,0
2025-04-17,12:00,5.85,12.5,2.1,3.47,0
2025-04-17,13:00,7.75,17.9,2.3,3.48,0
2025-04-17,14:00,5.92,15.2,2.6,3.46,0
2025-04-17,15:00,5.59,15.3,2.7,3.48,0
2025-04-17,16:00,7.86,16.3,2.1,3.41,0
2025-04-17,17:00,7.43,26.8,3.6,3.33,0
2025-04-17,18:00,6.03,54.5,9.0,3.3,0
2025-04-17,19:00,7.52,69.1,9.2,3.3,0
2025-04-17,20:00,6.56,47.6,7.3,3.28,0
2025-04-17,21:00,6.04,22.0,3.6,3.38,0
2025-04-17,22:00,7.52,15.8,2.1,3.5,0
2025-04-17,23:00,7.26,8.3,1.1,3.44,0
2025-04-18,00:00,2.65,2.6,0.4,3.47,0
2025-04-18,01:00,2.5,2.5,0.4,3.47,0
2025-04-18,02:00,2.39,2.4,0.4,3.49,0
2025-04-18,03:00,1.73,1.7,0.3,3.41,0
2025-04-18,04:00,4.08,4.1,0.5,3.46,0
2025-04-18,05:00,6.65,11.8,1.8,3.46,0
2025-04-18,06:00,6.8,33.7,5.0,3.38,0
2025-04-18,07:00,6.8,57.5,8.5,3.33,0
2025-04-18,08:00,6.65,32.3,4.9,3.46,0
2025-04-18,09:00,5.87,18.8,3.2,3.5,0
2025-04-18,10:00,7.91,19.6,2.5,3.47,0
2025-04-18,11:00,6.87,20.0,2.9,3.41,0
2025-04-18,12:00,7.01,15.6,2.2,3.41,0
2025-04-18,13:00,6.36,18.5,2.9,3.43,0
2025-04-18,14:00,5.86,11.2,1.9,3.48,0
2025-04-18,15:00,5.19,12.2,2.4,3.49,0
2025-04-18,16:00,6.05,16.7,2.8,3.46,0
2025-04-18,17:00,5.53,32.5,5.9,3.36,0
2025-04-18,18:00,6.99,42.6,6.1,3.37,0
2025-04-18,19:00,7.64,65.7,8.6,3.3,0
2025-04-18,20:00,5.91,40.5,6.9,3.38,0
2025-04-18,21:00,6.0,30.2,5.0,3.38,0
2025-04-18,22:00,7.01,12.9,1.8,3.41,0
2025-04-18,23:00,5.45,11.7,2.2,3.41,0
2025-04-19,00:00,4.82,4.8,0.6,3.45,0
2025-04-19,01:00,3.03,3.0,0.5,3.5,0
2025-04-19,02:00,1.27,1.3,0.2,3.52,0
2025-04-19,03:00,1.49,1.5,0.3,3.42,0
2025-04-19,04:00,4.5,4.5,0.6,3.46,0
2025-04-19,05:00,5.74,13.9,2.4,3.46,0
2025-04-19,06:00,6.99,26.9,3.9,3.35,0
2025-04-19,07:00,5.47,75.6,13.8,3.22,0
2025-04-19,08:00,5.58,39.4,7.1,3.33,0
2025-04-19,09:00,7.64,34.9,4.6,3.32,0
2025-04-19,10:00,5.44,17.3,3.2,3.43,0
2025-04-19,11:00,5.06,18.3,3.6,3.45,0
2025-04-19,12:00,6.5,27.8,4.3,3.35,0
2025-04-19,13:00,7.59,14.7,1.9,3.43,0
2025-04-19,14:00,5.98,10.8,1.8,3.48,0
2025-04-19,15:00,0.7,39.0,55.4,3.16,1
2025-04-19,16:00,0.79,47.1,59.8,3.08,1
2025-04-19,17:00,0.84,49.9,59.5,3.07,1
2025-04-19,18:00,1.05,61.0,58.3,3.09,1
2025-04-19,19:00,1.62,93.7,57.8,2.91,1
2025-04-19,20:00,1.1,65.3,59.6,3.07,1
2025-04-19,21:00,0.94,54.8,58.3,3.21,1
2025-04-19,22:00,0.66,38.5,58.3,3.13,1
2025-04-19,23:00,0.57,34.0,59.2,3.2,1
2025-04-20,00:00,0.53,30.7,58.3,3.33,1
2025-04-20,01:00,0.51,29.5,57.5,3.25,1
2025-04-20,02:00,0.49,27.9,56.9,3.22,1
2025-04-20,03:00,0.5,28.8,57.5,3.23,1
2025-04-20,04:00,0.51,29.4,57.6,3.25,1
2025-04-20,05:00,0.67,37.9,56.8,3.28,1
2025-04-20,06:00,1.4,80.3,57.2,3.0,1
2025-04-20,07:00,1.54,90.7,59.0,2.95,1
2025-04-20,08:00,1.15,65.8,57.1,3.02,1
2025-04-20,09:00,0.94,52.0,55.1,3.15,1
2025-04-20,10:00,0.88,49.5,56.4,3.08,1
2025-04-20,11:00,0.89,50.0,56.2,3.13,1
2025-04-20,12:00,0.76,45.1,59.0,3.12,1
2025-04-20,13:00,0.77,43.8,57.2,3.23,1
2025-04-20,14:00,0.71,39.8,56.4,3.17,1
2025-04-20,15:00,0.63,37.2,59.1,3.22,1
2025-04-20,16:00,0.79,43.8,55.1,3.09,1
2025-04-20,17:00,1.02,57.3,55.9,3.13,1
2025-04-20,18:00,1.48,87.3,59.1,2.94,1
2025-04-20,19:00,1.72,99.4,57.8,2.93,1
2025-04-20,20:00,1.15,67.7,58.9,3.19,1
2025-04-20,21:00,0.95,56.0,59.2,3.17,1
2025-04-20,22:00,0.78,46.5,59.7,3.16,1
2025-04-20,23:00,0.62,34.2,55.3,3.37,1
2025-04-21,00:00,0.52,30.7,59.0,3.18,1
2025-04-21,01:00,0.49,28.6,58.5,3.29,1
2025-04-21,02:00,1.27,1.3,0.2,3.42,0
2025-04-21,03:00,1.27,1.3,0.2,3.48,0
2025-04-21,04:00,4.11,4.1,0.7,3.42,0
2025-04-21,05:00,6.96,11.2,1.6,3.47,0
2025-04-21,06:00,6.88,48.0,7.0,3.31,0
2025-04-21,07:00,5.68,48.6,8.6,3.29,0
2025-04-21,08:00,6.32,40.8,6.4,3.39,0
2025-04-21,09:00,7.51,37.2,5.0,3.32,0
2025-04-21,10:00,6.82,12.5,1.8,3.47,0
2025-04-21,11:00,5.21,10.5,2.0,3.5,0
2025-04-21,12:00,6.33,24.9,3.9,3.33,0
2025-04-21,13:00,5.94,13.0,2.2,3.41,0
2025-04-21,14:00,6.92,11.5,1.7,3.46,0
2025-04-21,15:00,6.84,10.3,1.5,3.49,0
2025-04-21,16:00,5.03,16.2,3.2,3.51,0
2025-04-21,17:00,6.82,22.3,3.3,3.4,0
2025-04-21,18:00,7.2,40.9,5.7,3.32,0
2025-04-21,19:00,7.31,54.8,7.5,3.24,0
2025-04-21,20:00,5.18,31.5,6.1,3.39,0
2025-04-21,21:00,5.91,23.4,4.0,3.39,0
2025-04-21,22:00,6.26,14.4,2.3,3.43,0
2025-04-21,23:00,5.54,5.8,1.0,3.47,0
2025-04-22,00:00,3.54,3.5,0.6,3.51,0
2025-04-22,01:00,2.37,2.4,0.5,3.46,0
2025-04-22,02:00,1.42,1.4,0.3,3.46,0
2025-04-22,03:00,1.46,1.5,0.2,3.52,0
2025-04-22,04:00,3.07,3.1,0.5,3.34,0
2025-04-22,05:00,7.13,10.2,1.4,3.43,0
2025-04-22,06:00,5.14,39.9,7.8,3.28,0
2025-04-22,07:00,6.69,72.0,10.8,3.27,0
2025-04-22,08:00,6.17,35.2,5.7,3.34,0
2025-04-22,09:00,7.39,25.5,3.5,3.37,0
2025-04-22,10:00,7.35,14.7,2.0,3.44,0
2025-04-22,11:00,6.13,16.6,2.7,3.4,0
2025-04-22,12:00,6.87,26.4,3.8,3.37,0
2025-04-22,13:00,5.68,17.1,3.0,3.44,0
2025-04-22,14:00,6.74,8.1,1.2,3.45,0
2025-04-22,15:00,5.24,12.7,2.4,3.43,0
2025-04-22,16:00,6.3,19.8,3.1,3.37,0
2025-04-22,17:00,5.55,25.9,4.7,3.34,0
2025-04-22,18:00,7.65,51.9,6.8,3.3,0
2025-04-22,19:00,6.33,43.8,6.9,3.34,0
2025-04-22,20:00,6.77,28.7,4.2,3.31,0
2025-04-22,21:00,6.08,27.9,4.6,3.43,0
2025-04-22,22:00,5.87,10.9,1.9,3.49,0
2025-04-22,23:00,5.61,7.4,1.3,3.52,0
2025-04-23,00:00,5.01,5.0,0.6,3.49,0
2025-04-23,01:00,1.59,1.6,0.2,3.53,0
2025-04-23,02:00,1.2,1.2,0.2,3.6,0
2025-04-23,03:00,1.26,1.3,0.2,3.48,0
2025-04-23,04:00,3.06,3.1,0.5,3.44,0
2025-04-23,05:00,5.05,10.8,2.1,3.38,0
2025-04-23,06:00,6.59,46.1,7.0,3.4,0
2025-04-23,07:00,5.39,65.7,12.2,3.33,0
2025-04-23,08:00,5.63,42.8,7.6,3.28,0
2025-04-23,09:00,7.09,23.9,3.4,3.37,0
2025-04-23,10:00,5.77,16.8,2.9,3.42,0
2025-04-23,11:00,7.68,13.1,1.7,3.51,0
2025-04-23,12:00,6.97,23.0,3.3,3.34,0
2025-04-23,13:00,7.5,12.4,1.7,3.35,0
2025-04-23,14:00,6.85,13.8,2.0,3.55,0
2025-04-23,15:00,7.61,14.8,1.9,3.46,0
2025-04-23,16:00,6.09,16.2,2.7,3.46,0
2025-04-23,17:00,6.65,26.2,3.9,3.38,0
2025-04-23,18:00,6.55,46.3,7.1,3.34,0
2025-04-23,19:00,7.71,28.5,3.7,3.31,0
2025-04-23,20:00,5.49,41.3,7.5,3.29,0
2025-04-23,21:00,6.73,26.6,3.9,3.4,0
2025-04-23,22:00,7.26,15.4,2.1,3.32,0
2025-04-23,23:00,6.11,8.9,1.5,3.45,0
2025-04-24,00:00,3.83,3.8,0.5,3.47,0
2025-04-24,01:00,1.86,1.9,0.3,3.48,0
2025-04-24,02:00,1.51,1.5,0.3,3.47,0
2025-04-24,03:00,1.58,1.6,0.2,3.44,0
2025-04-24,04:00,3.18,3.2,0.5,3.4,0
2025-04-24,05:00,5.05,12.1,2.4,3.46,0
2025-04-24,06:00,5.21,43.1,8.3,3.31,0
2025-04-24,07:00,5.59,43.8,7.8,3.26,0
2025-04-24,08:00,7.31,40.3,5.5,3.34,0
2025-04-24,09:00,7.68,30.2,3.9,3.36,0
2025-04-24,10:00,6.64,11.0,1.7,3.43,0
2025-04-24,11:00,5.32,16.1,3.0,3.33,0
2025-04-24,12:00,6.6,17.3,2.6,3.46,0
2025-04-24,13:00,7.57,14.5,1.9,3.38,0
2025-04-24,14:00,7.25,9.8,1.3,3.46,0
2025-04-24,15:00,5.87,11.3,1.9,3.41,0
2025-04-24,15:00,5.87,11.3,1.9,3.41,0
2025-04-24,16:00,5.37,22.5,4.2,3.39,0
2025-04-24,17:00,7.7,21.2,2.8,3.47,0
2025-04-24,18:00,7.56,33.9,4.5,3.39,0
2025-04-24,19:00,5.16,39.1,7.6,3.4,0
2025-04-24,20:00,7.47,55.1,7.4,3.3,0
2025-04-24,21:00,5.29,24.9,4.7,3.42,0
2025-04-24,22:00,5.19,15.5,3.0,3.35,0
2025-04-24,23:00,7.2,7.2,1.0,3.46,0
2025-04-25,00:00,3.23,3.2,0.5,3.48,0
2025-04-25,01:00,2.23,2.2,0.4,3.55,0
2025-04-25,02:00,2.55,2.6,0.3,3.46,0
2025-04-25,03:00,2.06,2.1,0.3,3.5,0
2025-04-25,04:00,2.63,2.6,0.5,3.5,0
2025-04-25,05:00,6.85,13.3,1.9,3.5,0
2025-04-25,06:00,7.32,29.8,4.1,3.37,0
2025-04-25,07:00,6.65,38.3,5.8,3.39,0
2025-04-25,08:00,7.95,47.9,6.0,3.22,0
2025-04-25,09:00,7.06,29.6,4.2,3.3,0
2025-04-25,10:00,0.6,33.1,55.4,3.1,1
2025-04-25,11:00,0.48,28.0,58.9,3.28,1
2025-04-25,12:00,0.56,32.7,58.3,3.25,1
2025-04-25,13:00,0.55,32.0,58.2,3.27,1
2025-04-25,14:00,0.46,26.5,57.1,3.21,1
2025-04-25,15:00,0.43,24.7,57.1,3.22,1
2025-04-25,16:00,0.44,25.1,57.7,3.24,1
2025-04-25,17:00,0.76,41.8,55.3,3.25,1
2025-04-25,18:00,1.19,67.2,56.5,3.17,1
2025-04-25,19:00,0.9,53.9,59.9,3.17,1
2025-04-25,20:00,1.0,58.3,58.3,3.13,1
2025-04-25,21:00,0.75,43.1,57.1,3.24,1
2025-04-25,22:00,0.57,32.0,56.1,3.21,1
2025-04-25,23:00,0.39,23.1,58.7,3.24,1
2025-04-26,00:00,0.31,17.7,56.3,3.27,1
2025-04-26,01:00,0.28,15.8,55.8,3.24,1
2025-04-26,02:00,0.28,15.4,55.8,3.28,1
2025-04-26,03:00,0.27,16.0,58.6,3.23,1
2025-04-26,04:00,0.29,17.1,58.2,3.33,1
2025-04-26,05:00,0.46,25.6,55.3,3.27,1
2025-04-26,06:00,0.76,42.0,55.6,3.25,1
2025-04-26,07:00,1.78,-999.0,58.2,2.85,1
2025-04-26,08:00,1.16,67.0,57.9,3.18,1
2025-04-26,09:00,0.78,45.4,58.4,3.09,1
2025-04-26,10:00,0.64,35.7,55.9,3.15,1
2025-04-26,11:00,0.58,34.1,58.6,3.18,1
2025-04-26,12:00,0.59,35.3,59.7,3.27,1
2025-04-26,13:00,0.54,31.3,58.0,3.24,1
2025-04-26,14:00,0.47,26.3,56.0,3.23,1
2025-04-26,14:00,0.47,26.3,56.0,3.23,1
2025-04-26,15:00,0.63,36.8,58.4,3.16,1
2025-04-26,16:00,0.6,34.0,56.7,3.15,1
2025-04-26,17:00,0.77,42.6,55.2,3.24,1
2025-04-26,18:00,1.21,68.4,56.5,3.12,1
2025-04-26,19:00,1.04,61.8,59.5,3.17,1
2025-04-26,20:00,7.91,61.1,7.7,3.28,0
2025-04-26,21:00,7.9,27.7,3.5,3.26,0
2025-04-26,22:00,5.11,20.0,3.9,3.36,0
2025-04-26,23:00,6.15,11.2,1.8,3.48,0
2025-04-27,00:00,4.89,4.9,0.7,3.46,0
2025-04-27,01:00,2.77,2.8,0.4,3.46,0
2025-04-27,02:00,1.81,1.8,0.3,3.44,0
2025-04-27,03:00,1.79,1.8,0.3,3.54,0
2025-04-27,04:00,3.23,3.2,0.6,3.51,0
2025-04-27,05:00,6.48,12.4,1.9,3.48,0
2025-04-27,06:00,5.72,54.8,9.6,3.25,0
2025-04-27,07:00,5.16,62.1,12.0,3.26,0
2025-04-27,08:00,5.24,38.7,7.4,3.28,0
2025-04-27,09:00,7.73,24.5,3.2,3.4,0
2025-04-27,10:00,7.23,22.6,3.1,3.28,0
2025-04-27,11:00,7.8,20.8,2.7,3.34,0
2025-04-27,12:00,6.41,25.4,4.0,3.38,0
2025-04-27,13:00,6.24,17.2,2.8,3.55,0
2025-04-27,14:00,6.08,15.3,2.5,3.35,0
2025-04-27,15:00,6.85,12.0,1.7,3.39,0
2025-04-27,16:00,6.05,17.2,2.8,3.44,0
2025-04-27,17:00,7.24,38.6,5.3,3.43,0
2025-04-27,18:00,7.4,59.5,8.0,3.27,0
2025-04-27,19:00,7.63,48.5,6.4,3.34,0
2025-04-27,20:00,5.73,38.3,6.7,3.33,0
2025-04-27,21:00,6.58,32.5,4.9,3.34,0
2025-04-27,22:00,5.67,25.7,4.5,3.4,0
2025-04-27,23:00,5.11,6.2,1.2,3.44,0
2025-04-28,00:00,4.18,4.2,0.6,3.52,0
2025-04-28,01:00,1.8,1.8,0.3,3.41,0
2025-04-28,02:00,1.39,1.4,0.2,3.54,0
2025-04-28,03:00,1.47,1.5,0.3,3.5,0
2025-04-28,04:00,2.91,2.9,0.4,3.48,0
2025-04-28,05:00,7.98,10.7,1.3,3.38,0
2025-04-28,06:00,6.39,35.6,5.6,3.31,0
2025-04-28,07:00,7.6,49.8,6.5,3.36,0
2025-04-28,08:00,5.73,29.5,5.2,3.37,0
2025-04-28,09:00,7.21,27.7,3.8,3.4,0
2025-04-28,10:00,7.64,18.4,2.4,3.38,0
2025-04-28,11:00,7.44,18.7,2.5,3.42,0
2025-04-28,12:00,7.44,14.5,2.0,3.37,0
2025-04-28,13:00,6.39,16.8,2.6,3.44,0
2025-04-28,14:00,7.46,13.6,1.8,3.46,0
2025-04-28,15:00,7.07,9.7,1.4,3.48,0
2025-04-28,16:00,5.4,15.9,2.9,3.39,0
2025-04-28,17:00,5.34,27.1,5.1,3.37,0
2025-04-28,18:00,7.32,63.0,8.6,3.27,0
2025-04-28,19:00,6.88,75.7,11.0,3.19,0
2025-04-28,20:00,6.56,28.4,4.3,3.37,0
2025-04-28,21:00,7.72,45.7,5.9,3.41,0
2025-04-28,22:00,6.98,13.2,1.9,3.4,0
2025-04-28,23:00,6.19,9.7,1.6,3.52,0
2025-04-29,00:00,4.82,4.8,0.8,3.42,0
2025-04-29,01:00,1.95,2.0,0.3,3.52,0
2025-04-29,02:00,1.75,1.8,0.2,3.53,0
2025-04-29,03:00,1.55,1.6,0.2,3.47,0
2025-04-29,04:00,3.55,3.5,0.5,3.42,0
2025-04-29,05:00,7.18,12.5,1.7,3.35,0
2025-04-29,06:00,7.12,45.4,6.4,3.29,0
2025-04-29,07:00,7.49,56.5,7.5,3.3,0
2025-04-29,08:00,5.19,38.4,7.4,3.29,0
2025-04-29,09:00,7.26,29.7,4.1,3.39,0
2025-04-29,10:00,6.54,17.9,2.7,3.35,0
2025-04-29,11:00,5.22,18.4,3.5,3.41,0
2025-04-29,12:00,7.04,17.4,2.5,3.37,0
2025-04-29,13:00,7.15,12.9,1.8,3.44,0
2025-04-29,14:00,6.57,10.7,1.6,3.43,0
2025-04-29,15:00,7.38,10.5,1.4,3.4,0
2025-04-29,16:00,5.9,18.6,3.2,3.39,0
2025-04-29,17:00,5.61,33.9,6.0,3.32,0
2025-04-29,18:00,6.05,42.4,7.0,3.26,0
2025-04-29,19:00,6.23,68.9,11.1,3.28,0
2025-04-29,20:00,7.09,52.3,7.4,3.27,0
2025-04-29,21:00,7.54,29.3,3.9,3.27,0
2025-04-29,22:00,7.16,13.5,1.9,3.41,0
2025-04-29,23:00,5.52,10.9,2.0,3.5,0
2025-04-30,00:00,3.94,3.9,0.6,3.45,0
2025-04-30,01:00,2.45,2.5,0.4,3.57,0
2025-04-30,02:00,1.49,1.5,0.2,3.45,0
2025-04-30,03:00,1.33,1.3,0.2,3.52,0
2025-04-30,04:00,2.38,2.4,0.4,3.54,0
2025-04-30,05:00,7.38,13.6,1.8,3.47,0
2025-04-30,06:00,7.01,30.7,4.4,3.31,0
2025-04-30,07:00,5.9,103.0,17.5,3.04,0
2025-04-30,08:00,6.0,32.1,5.4,3.43,0
2025-04-30,09:00,6.96,18.6,2.7,3.39,0
2025-04-30,10:00,6.65,17.7,2.7,3.48,0
2025-04-30,11:00,5.29,21.7,4.1,3.39,0
2025-04-30,12:00,7.62,20.2,2.7,3.43,0
2025-04-30,13:00,6.54,17.9,2.7,3.36,0
2025-04-30,14:00,6.42,8.3,1.3,3.44,0
2025-04-30,15:00,5.6,10.5,1.9,3.41,0
2025-04-30,16:00,6.13,12.9,2.1,3.46,0
2025-04-30,17:00,6.0,19.1,3.2,3.43,0
2025-04-30,18:00,5.81,45.0,7.7,3.34,0
2025-04-30,19:00,6.7,33.2,5.0,3.34,0
2025-04-30,20:00,6.39,30.7,4.8,3.33,0
2025-04-30,21:00,7.67,25.1,3.3,3.41,0
2025-04-30,22:00,7.82,13.5,1.7,3.39,0
2025-04-30,23:00,5.66,8.7,1.5,3.52,0
